id,team_fifa_api_id,team_api_id,date,buildUpPlaySpeed,buildUpPlaySpeedClass,buildUpPlayDribbling,buildUpPlayDribblingClass,buildUpPlayPassing
1,434,9930,2010-02-22 00:00:00,60,Balanced,,Little,50
2,434,9930,2014-09-19 00:00:00,52,Balanced,48.0,Normal,56
3,434,9930,2015-09-10 00:00:00,47,Balanced,41.0,Normal,54
4,77,8485,2010-02-22 00:00:00,70,Fast,,Little,70
5,77,8485,2011-02-22 00:00:00,47,Balanced,,Little,52
6,77,8485,2012-02-22 00:00:00,58,Balanced,,Little,62
7,77,8485,2013-09-20 00:00:00,62,Balanced,,Little,45
8,77,8485,2014-09-19 00:00:00,58,Balanced,64.0,Normal,62
9,77,8485,2015-09-10 00:00:00,59,Balanced,64.0,Normal,53
10,614,8576,2010-02-22 00:00:00,60,Balanced,,Little,40
11,614,8576,2011-02-22 00:00:00,65,Balanced,,Little,45
12,614,8576,2012-02-22 00:00:00,59,Balanced,,Little,52
13,614,8576,2013-09-20 00:00:00,59,Balanced,,Little,52
14,614,8576,2014-09-19 00:00:00,59,Balanced,57.0,Normal,52
15,614,8576,2015-09-10 00:00:00,59,Balanced,57.0,Normal,52
16,47,8564,2010-02-22 00:00:00,45,Balanced,,Little,30
17,47,8564,2011-02-22 00:00:00,65,Balanced,,Little,50
18,47,8564,2012-02-22 00:00:00,45,Balanced,,Little,50
19,47,8564,2013-09-20 00:00:00,48,Balanced,,Little,54
20,47,8564,2014-09-19 00:00:00,48,Balanced,70.0,Lots,52
21,47,8564,2015-09-10 00:00:00,48,Balanced,70.0,Lots,52
22,1901,10215,2010-02-22 00:00:00,30,Slow,,Little,30
23,1901,10215,2011-02-22 00:00:00,30,Slow,,Little,50
24,1901,10215,2012-02-22 00:00:00,45,Balanced,,Little,44
25,1901,10215,2013-09-20 00:00:00,45,Balanced,,Little,44
26,1901,10215,2014-09-19 00:00:00,52,Balanced,53.0,Normal,44
27,1901,10215,2015-09-10 00:00:00,53,Balanced,53.0,Normal,44
28,650,10217,2010-02-22 00:00:00,30,Slow,,Little,35
29,650,10217,2011-02-22 00:00:00,53,Balanced,,Little,53
30,650,10217,2012-02-22 00:00:00,38,Balanced,,Little,44
31,650,10217,2013-09-20 00:00:00,38,Balanced,,Little,47
32,650,10217,2014-09-19 00:00:00,58,Balanced,47.0,Normal,55
33,650,10217,2015-09-10 00:00:00,56,Balanced,40.0,Normal,66
34,245,8593,2010-02-22 00:00:00,30,Slow,,Little,30
35,245,8593,2011-02-22 00:00:00,40,Balanced,,Little,38
36,245,8593,2012-02-22 00:00:00,31,Slow,,Little,33
37,245,8593,2013-09-20 00:00:00,35,Balanced,,Little,33
38,245,8593,2014-09-19 00:00:00,40,Balanced,40.0,Normal,30
39,245,8593,2015-09-10 00:00:00,35,Balanced,43.0,Normal,39
40,1861,9865,2010-02-22 00:00:00,65,Balanced,,Little,45
41,1861,9865,2011-02-22 00:00:00,55,Balanced,,Little,53
42,1861,9865,2012-02-22 00:00:00,42,Balanced,,Little,70
43,1861,9865,2013-09-20 00:00:00,46,Balanced,,Little,65
44,1861,9865,2014-09-19 00:00:00,46,Balanced,41.0,Normal,65
45,1861,9865,2015-09-10 00:00:00,46,Balanced,41.0,Normal,65
46,229,8635,2010-02-22 00:00:00,50,Balanced,,Little,35
47,229,8635,2011-02-22 00:00:00,50,Balanced,,Little,52
48,229,8635,2012-02-22 00:00:00,52,Balanced,,Little,41
49,229,8635,2013-09-20 00:00:00,52,Balanced,,Little,41
50,229,8635,2014-09-19 00:00:00,52,Balanced,46.0,Normal,51
51,229,8635,2015-09-10 00:00:00,52,Balanced,46.0,Normal,51
52,1530,8121,2010-02-22 00:00:00,45,Balanced,,Little,35
53,1530,8121,2011-02-22 00:00:00,65,Balanced,,Little,50
54,1530,8121,2012-02-22 00:00:00,50,Balanced,,Little,50
55,1530,8121,2013-09-20 00:00:00,50,Balanced,,Little,50
56,1530,8121,2014-09-19 00:00:00,48,Balanced,61.0,Normal,50
57,1530,8121,2015-09-10 00:00:00,48,Balanced,61.0,Normal,50
58,111082,8322,2010-02-22 00:00:00,30,Slow,,Little,45
59,111082,8322,2011-02-22 00:00:00,46,Balanced,,Little,37
60,111989,108893,2010-02-22 00:00:00,50,Balanced,,Little,65
61,111989,108893,2011-02-22 00:00:00,50,Balanced,,Little,65
62,111989,108893,2012-02-22 00:00:00,23,Slow,,Little,33
63,111989,108893,2013-09-20 00:00:00,41,Balanced,,Little,48
64,111989,108893,2014-09-19 00:00:00,39,Balanced,48.0,Normal,54
65,111989,108893,2015-09-10 00:00:00,56,Balanced,46.0,Normal,54
66,159,9912,2010-02-22 00:00:00,40,Balanced,,Little,65
67,159,9912,2011-02-22 00:00:00,46,Balanced,,Little,58
68,159,9912,2014-09-19 00:00:00,62,Balanced,49.0,Normal,55
69,112513,158085,2014-09-19 00:00:00,69,Fast,66.0,Normal,39
70,112513,158085,2015-09-10 00:00:00,65,Balanced,66.0,Normal,39
71,1,9825,2010-02-22 00:00:00,66,Balanced,,Little,30
72,1,9825,2011-02-22 00:00:00,75,Fast,,Little,40
73,1,9825,2012-02-22 00:00:00,25,Slow,,Little,32
74,1,9825,2013-09-20 00:00:00,30,Slow,,Little,29
75,1,9825,2014-09-19 00:00:00,59,Balanced,51.0,Normal,26
76,1,9825,2015-09-10 00:00:00,59,Balanced,51.0,Normal,30
77,2,10252,2010-02-22 00:00:00,70,Fast,,Little,59
78,2,10252,2011-02-22 00:00:00,65,Balanced,,Little,50
79,2,10252,2012-02-22 00:00:00,67,Fast,,Little,58
80,2,10252,2013-09-20 00:00:00,63,Balanced,,Little,59
81,2,10252,2014-09-19 00:00:00,66,Balanced,32.0,Little,72
82,2,10252,2015-09-10 00:00:00,63,Balanced,37.0,Normal,54
83,39,8524,2010-02-22 00:00:00,35,Balanced,,Little,40
84,39,8524,2011-02-22 00:00:00,65,Balanced,,Little,50
85,39,8524,2012-02-22 00:00:00,40,Balanced,,Little,50
86,39,8524,2013-09-20 00:00:00,64,Balanced,,Little,36
87,39,8524,2014-09-19 00:00:00,64,Balanced,45.0,Normal,37
88,39,8524,2015-09-10 00:00:00,64,Balanced,45.0,Normal,37
89,448,8315,2010-02-22 00:00:00,60,Balanced,,Little,45
90,448,8315,2011-02-22 00:00:00,70,Fast,,Little,69
91,448,8315,2012-02-22 00:00:00,42,Balanced,,Little,59
92,448,8315,2013-09-20 00:00:00,46,Balanced,,Little,38
93,448,8315,2014-09-19 00:00:00,46,Balanced,41.0,Normal,38
94,448,8315,2015-09-10 00:00:00,46,Balanced,46.0,Normal,39
95,240,9906,2010-02-22 00:00:00,64,Balanced,,Little,30
96,240,9906,2011-02-22 00:00:00,57,Balanced,,Little,54
97,240,9906,2012-02-22 00:00:00,47,Balanced,,Little,51
98,240,9906,2013-09-20 00:00:00,47,Balanced,,Little,51
99,240,9906,2014-09-19 00:00:00,47,Balanced,52.0,Normal,51
100,240,9906,2015-09-10 00:00:00,57,Balanced,50.0,Normal,50
101,100409,8406,2010-02-22 00:00:00,45,Balanced,,Little,45
102,100409,8406,2011-02-22 00:00:00,68,Fast,,Little,40
103,100409,8406,2012-02-22 00:00:00,55,Balanced,,Little,55
104,100409,8406,2013-09-20 00:00:00,40,Balanced,,Little,55
105,100409,8406,2014-09-19 00:00:00,62,Balanced,38.0,Normal,69
106,100409,8406,2015-09-10 00:00:00,59,Balanced,51.0,Normal,55
107,57,8583,2010-02-22 00:00:00,30,Slow,,Little,70
108,57,8583,2011-02-22 00:00:00,35,Balanced,,Little,65
109,57,8583,2012-02-22 00:00:00,64,Balanced,,Little,49
110,57,8583,2013-09-20 00:00:00,64,Balanced,,Little,49
111,57,8583,2014-09-19 00:00:00,64,Balanced,55.0,Normal,49
112,57,8583,2015-09-10 00:00:00,64,Balanced,55.0,Normal,49
113,1906,10229,2010-02-22 00:00:00,55,Balanced,,Little,45
114,1906,10229,2011-02-22 00:00:00,45,Balanced,,Little,31
115,1906,10229,2012-02-22 00:00:00,46,Balanced,,Little,36
116,1906,10229,2013-09-20 00:00:00,62,Balanced,,Little,40
117,1906,10229,2014-09-19 00:00:00,52,Balanced,38.0,Normal,46
118,1906,10229,2015-09-10 00:00:00,50,Balanced,46.0,Normal,58
119,241,8634,2010-02-22 00:00:00,42,Balanced,,Little,30
120,241,8634,2011-02-22 00:00:00,43,Balanced,,Little,34
121,241,8634,2012-02-22 00:00:00,24,Slow,,Little,25
122,241,8634,2013-09-20 00:00:00,35,Balanced,,Little,32
123,241,8634,2014-09-19 00:00:00,35,Balanced,35.0,Normal,32
124,241,8634,2015-09-10 00:00:00,36,Balanced,35.0,Normal,51
125,1848,9976,2010-02-22 00:00:00,30,Slow,,Little,30
126,1848,9976,2011-02-22 00:00:00,65,Balanced,,Little,35
127,1848,9976,2012-02-22 00:00:00,50,Balanced,,Little,50
128,1848,9976,2013-09-20 00:00:00,55,Balanced,,Little,57
129,1848,9976,2014-09-19 00:00:00,55,Balanced,40.0,Normal,57
130,1848,9976,2015-09-10 00:00:00,52,Balanced,40.0,Normal,65
131,896,9931,2010-02-22 00:00:00,40,Balanced,,Little,45
132,896,9931,2011-02-22 00:00:00,46,Balanced,,Little,40
133,896,9931,2012-02-22 00:00:00,61,Balanced,,Little,46
134,896,9931,2013-09-20 00:00:00,61,Balanced,,Little,46
135,896,9931,2014-09-19 00:00:00,61,Balanced,63.0,Normal,46
136,896,9931,2015-09-10 00:00:00,61,Balanced,63.0,Normal,46
137,32,8178,2010-02-22 00:00:00,70,Fast,,Little,30
138,32,8178,2011-02-22 00:00:00,67,Fast,,Little,38
139,32,8178,2012-02-22 00:00:00,58,Balanced,,Little,55
140,32,8178,2013-09-20 00:00:00,64,Balanced,,Little,55
141,32,8178,2014-09-19 00:00:00,69,Fast,30.0,Little,55
142,32,8178,2015-09-10 00:00:00,73,Fast,29.0,Little,55
143,21,9823,2010-02-22 00:00:00,65,Balanced,,Little,40
144,21,9823,2011-02-22 00:00:00,42,Balanced,,Little,40
145,21,9823,2012-02-22 00:00:00,47,Balanced,,Little,40
146,21,9823,2013-09-20 00:00:00,56,Balanced,,Little,41
147,21,9823,2014-09-19 00:00:00,37,Balanced,34.0,Normal,22
148,21,9823,2015-09-10 00:00:00,45,Balanced,24.0,Little,28
149,675,9993,2010-02-22 00:00:00,35,Balanced,,Little,35
150,675,9993,2011-02-22 00:00:00,47,Balanced,,Little,37
151,675,9993,2012-02-22 00:00:00,55,Balanced,,Little,55
152,675,9993,2013-09-20 00:00:00,47,Balanced,,Little,39
153,1897,10211,2011-02-22 00:00:00,48,Balanced,,Little,46
154,1897,10211,2012-02-22 00:00:00,39,Balanced,,Little,48
155,1897,10211,2013-09-20 00:00:00,39,Balanced,,Little,48
156,1889,9807,2010-02-22 00:00:00,30,Slow,,Little,30
157,1889,9807,2014-09-19 00:00:00,52,Balanced,53.0,Normal,52
158,1889,9807,2015-09-10 00:00:00,51,Balanced,53.0,Normal,52
159,1714,6493,2010-02-22 00:00:00,40,Balanced,,Little,50
160,1714,6493,2011-02-22 00:00:00,47,Balanced,,Little,54
161,234,9772,2010-02-22 00:00:00,30,Slow,,Little,30
162,234,9772,2011-02-22 00:00:00,65,Balanced,,Little,35
163,234,9772,2012-02-22 00:00:00,55,Balanced,,Little,48
164,234,9772,2013-09-20 00:00:00,65,Balanced,,Little,54
165,234,9772,2014-09-19 00:00:00,70,Fast,55.0,Normal,53
166,234,9772,2015-09-10 00:00:00,69,Fast,55.0,Normal,53
167,88,8658,2010-02-22 00:00:00,70,Fast,,Little,70
168,88,8658,2011-02-22 00:00:00,45,Balanced,,Little,60
169,88,8658,2012-02-22 00:00:00,51,Balanced,,Little,55
170,88,8658,2013-09-20 00:00:00,56,Balanced,,Little,57
171,88,8658,2014-09-19 00:00:00,56,Balanced,39.0,Normal,79
172,88,8658,2015-09-10 00:00:00,56,Balanced,32.0,Little,75
173,3,8655,2010-02-22 00:00:00,55,Balanced,,Little,70
174,3,8655,2011-02-22 00:00:00,55,Balanced,,Little,65
175,3,8655,2012-02-22 00:00:00,57,Balanced,,Little,57
176,3,8655,2013-09-20 00:00:00,44,Balanced,,Little,64
177,3,8655,2014-09-19 00:00:00,44,Balanced,31.0,Little,62
178,3,8655,2015-09-10 00:00:00,60,Balanced,60.0,Normal,65
179,1926,8483,2010-02-22 00:00:00,70,Fast,,Little,70
180,1926,8483,2011-02-22 00:00:00,70,Fast,,Little,30
181,1926,8483,2012-02-22 00:00:00,45,Balanced,,Little,52
182,1926,8483,2013-09-20 00:00:00,45,Balanced,,Little,52
183,1926,8483,2014-09-19 00:00:00,67,Fast,44.0,Normal,72
184,1926,8483,2015-09-10 00:00:00,62,Balanced,36.0,Normal,64
185,1898,8613,2015-09-10 00:00:00,47,Balanced,56.0,Normal,50
186,160,9911,2010-02-22 00:00:00,50,Balanced,,Little,65
187,160,9911,2011-02-22 00:00:00,55,Balanced,,Little,56
188,160,9911,2012-02-22 00:00:00,40,Balanced,,Little,48
189,160,9911,2013-09-20 00:00:00,40,Balanced,,Little,48
190,160,9911,2014-09-19 00:00:00,38,Balanced,54.0,Normal,48
191,160,9911,2015-09-10 00:00:00,69,Fast,38.0,Normal,57
192,189,9857,2010-02-22 00:00:00,65,Balanced,,Little,55
193,189,9857,2011-02-22 00:00:00,65,Balanced,,Little,35
194,189,9857,2012-02-22 00:00:00,40,Balanced,,Little,50
195,189,9857,2013-09-20 00:00:00,63,Balanced,,Little,48
196,189,9857,2014-09-19 00:00:00,63,Balanced,53.0,Normal,48
197,189,9857,2015-09-10 00:00:00,63,Balanced,53.0,Normal,48
198,4,8559,2010-02-22 00:00:00,55,Balanced,,Little,70
199,4,8559,2011-02-22 00:00:00,45,Balanced,,Little,70
200,4,8559,2012-02-22 00:00:00,57,Balanced,,Little,56
201,4,8559,2013-09-20 00:00:00,57,Balanced,,Little,53
202,4,8559,2014-09-19 00:00:00,57,Balanced,37.0,Normal,73
203,4,8559,2015-09-10 00:00:00,57,Balanced,34.0,Normal,61
204,59,9827,2010-02-22 00:00:00,70,Fast,,Little,35
205,59,9827,2011-02-22 00:00:00,50,Balanced,,Little,35
206,59,9827,2012-02-22 00:00:00,49,Balanced,,Little,37
207,59,9827,2013-09-20 00:00:00,49,Balanced,,Little,37
208,59,9827,2014-09-19 00:00:00,38,Balanced,49.0,Normal,36
209,59,9827,2015-09-10 00:00:00,51,Balanced,40.0,Normal,48
210,22,9789,2010-02-22 00:00:00,70,Fast,,Little,45
211,22,9789,2011-02-22 00:00:00,73,Fast,,Little,43
212,22,9789,2012-02-22 00:00:00,71,Fast,,Little,45
213,22,9789,2013-09-20 00:00:00,74,Fast,,Little,45
214,22,9789,2014-09-19 00:00:00,76,Fast,33.0,Little,61
215,22,9789,2015-09-10 00:00:00,71,Fast,37.0,Normal,40
216,23,9788,2010-02-22 00:00:00,65,Balanced,,Little,45
217,23,9788,2011-02-22 00:00:00,63,Balanced,,Little,46
218,23,9788,2012-02-22 00:00:00,57,Balanced,,Little,64
219,23,9788,2013-09-20 00:00:00,76,Fast,,Little,40
220,23,9788,2014-09-19 00:00:00,31,Slow,53.0,Normal,32
221,23,9788,2015-09-10 00:00:00,31,Slow,53.0,Normal,32
222,111376,4170,2010-02-22 00:00:00,45,Balanced,,Little,30
223,111376,4170,2011-02-22 00:00:00,50,Balanced,,Little,35
224,111376,4170,2012-02-22 00:00:00,49,Balanced,,Little,37
225,1943,8678,2010-02-22 00:00:00,70,Fast,,Little,70
226,1943,8678,2011-02-22 00:00:00,51,Balanced,,Little,66
227,1943,8678,2012-02-22 00:00:00,46,Balanced,,Little,46
228,1943,8678,2013-09-20 00:00:00,39,Balanced,,Little,38
229,1943,8678,2014-09-19 00:00:00,47,Balanced,44.0,Normal,48
230,1943,8678,2015-09-10 00:00:00,47,Balanced,36.0,Normal,47
231,1896,10264,2010-02-22 00:00:00,30,Slow,,Little,30
232,1896,10264,2011-02-22 00:00:00,30,Slow,,Little,30
233,1896,10264,2012-02-22 00:00:00,53,Balanced,,Little,46
234,1896,10264,2013-09-20 00:00:00,66,Balanced,,Little,54
235,1896,10264,2014-09-19 00:00:00,53,Balanced,35.0,Normal,55
236,1896,10264,2015-09-10 00:00:00,55,Balanced,35.0,Normal,55
237,190,9858,2010-02-22 00:00:00,30,Slow,,Little,30
238,190,9858,2011-02-22 00:00:00,30,Slow,,Little,50
239,190,9858,2012-02-22 00:00:00,35,Balanced,,Little,35
240,190,9858,2013-09-20 00:00:00,42,Balanced,,Little,43
241,190,9858,2014-09-19 00:00:00,42,Balanced,56.0,Normal,27
242,190,9858,2015-09-10 00:00:00,42,Balanced,56.0,Normal,43
243,378,8521,2010-02-22 00:00:00,50,Balanced,,Little,40
244,378,8521,2011-02-22 00:00:00,65,Balanced,,Little,35
245,378,8521,2012-02-22 00:00:00,64,Balanced,,Little,62
246,378,8521,2013-09-20 00:00:00,59,Balanced,,Little,54
247,378,8521,2014-09-19 00:00:00,59,Balanced,48.0,Normal,54
248,378,8521,2015-09-10 00:00:00,59,Balanced,48.0,Normal,54
249,1796,8191,2010-02-22 00:00:00,70,Fast,,Little,65
250,1796,8191,2011-02-22 00:00:00,36,Balanced,,Little,52
251,1796,8191,2012-02-22 00:00:00,48,Balanced,,Little,44
252,1796,8191,2013-09-20 00:00:00,54,Balanced,,Little,55
253,1796,8191,2014-09-19 00:00:00,48,Balanced,32.0,Little,74
254,1796,8191,2015-09-10 00:00:00,54,Balanced,32.0,Little,67
255,210,7819,2010-02-22 00:00:00,65,Balanced,,Little,30
256,210,7819,2011-02-22 00:00:00,65,Balanced,,Little,35
257,210,7819,2012-02-22 00:00:00,48,Balanced,,Little,52
258,210,7819,2013-09-20 00:00:00,48,Balanced,,Little,52
259,210,7819,2014-09-19 00:00:00,62,Balanced,50.0,Normal,45
260,210,7819,2015-09-10 00:00:00,62,Balanced,50.0,Normal,45
261,1842,8529,2010-02-22 00:00:00,40,Balanced,,Little,30
262,1842,8529,2011-02-22 00:00:00,65,Balanced,,Little,50
263,1842,8529,2012-02-22 00:00:00,40,Balanced,,Little,50
264,1842,8529,2013-09-20 00:00:00,63,Balanced,,Little,36
265,1842,8529,2014-09-19 00:00:00,63,Balanced,51.0,Normal,53
266,1842,8529,2015-09-10 00:00:00,67,Fast,32.0,Little,35
267,647,7788,2014-09-19 00:00:00,45,Balanced,39.0,Normal,42
268,647,7788,2015-09-10 00:00:00,43,Balanced,36.0,Normal,57
269,1961,8344,2010-02-22 00:00:00,65,Balanced,,Little,70
270,1961,8344,2011-02-22 00:00:00,67,Fast,,Little,49
271,1961,8344,2012-02-22 00:00:00,60,Balanced,,Little,64
272,1961,8344,2013-09-20 00:00:00,60,Balanced,,Little,69
273,1961,8344,2014-09-19 00:00:00,60,Balanced,29.0,Little,54
274,1961,8344,2015-09-10 00:00:00,60,Balanced,41.0,Normal,67
275,112409,208931,2014-09-19 00:00:00,32,Slow,46.0,Normal,31
276,112409,208931,2015-09-10 00:00:00,80,Fast,45.0,Normal,65
277,110364,8530,2010-02-22 00:00:00,35,Balanced,,Little,30
278,110364,8530,2011-02-22 00:00:00,65,Balanced,,Little,35
279,110364,8530,2012-02-22 00:00:00,40,Balanced,,Little,50
280,110364,8530,2013-09-20 00:00:00,67,Fast,,Little,37
281,110364,8530,2014-09-19 00:00:00,75,Fast,52.0,Normal,48
282,110364,8530,2015-09-10 00:00:00,70,Fast,52.0,Normal,48
283,450,9910,2010-02-22 00:00:00,35,Balanced,,Little,30
284,450,9910,2011-02-22 00:00:00,43,Balanced,,Little,44
285,450,9910,2012-02-22 00:00:00,53,Balanced,,Little,62
286,450,9910,2013-09-20 00:00:00,53,Balanced,,Little,62
287,450,9910,2014-09-19 00:00:00,53,Balanced,54.0,Normal,62
288,450,9910,2015-09-10 00:00:00,55,Balanced,59.0,Normal,38
289,78,9925,2010-02-22 00:00:00,70,Fast,,Little,70
290,78,9925,2011-02-22 00:00:00,54,Balanced,,Little,52
291,78,9925,2012-02-22 00:00:00,70,Fast,,Little,58
292,78,9925,2013-09-20 00:00:00,50,Balanced,,Little,53
293,78,9925,2014-09-19 00:00:00,70,Fast,52.0,Normal,58
294,78,9925,2015-09-10 00:00:00,54,Balanced,49.0,Normal,53
295,1750,9984,2010-02-22 00:00:00,45,Balanced,,Little,35
296,1750,9984,2011-02-22 00:00:00,50,Balanced,,Little,50
297,1750,9984,2012-02-22 00:00:00,68,Fast,,Little,54
298,1750,9984,2013-09-20 00:00:00,53,Balanced,,Little,40
299,1750,9984,2014-09-19 00:00:00,53,Balanced,49.0,Normal,43
300,1750,9984,2015-09-10 00:00:00,53,Balanced,49.0,Normal,43
301,110915,9880,2010-02-22 00:00:00,30,Slow,,Little,30
302,110915,9880,2011-02-22 00:00:00,50,Balanced,,Little,50
303,110915,9880,2012-02-22 00:00:00,60,Balanced,,Little,40
304,110915,9880,2013-09-20 00:00:00,73,Fast,,Little,44
305,110915,9880,2014-09-19 00:00:00,73,Fast,29.0,Little,41
306,110915,9880,2015-09-10 00:00:00,66,Balanced,31.0,Little,41
307,5,8455,2010-02-22 00:00:00,70,Fast,,Little,60
308,5,8455,2011-02-22 00:00:00,60,Balanced,,Little,50
309,5,8455,2012-02-22 00:00:00,60,Balanced,,Little,45
310,5,8455,2013-09-20 00:00:00,46,Balanced,,Little,41
311,5,8455,2014-09-19 00:00:00,67,Fast,52.0,Normal,38
312,5,8455,2015-09-10 00:00:00,67,Fast,41.0,Normal,36
313,192,8533,2010-02-22 00:00:00,45,Balanced,,Little,30
314,192,8533,2011-02-22 00:00:00,45,Balanced,,Little,50
315,192,8533,2012-02-22 00:00:00,60,Balanced,,Little,65
316,192,8533,2013-09-20 00:00:00,66,Balanced,,Little,67
317,192,8533,2014-09-19 00:00:00,66,Balanced,54.0,Normal,67
318,192,8533,2015-09-10 00:00:00,66,Balanced,54.0,Normal,67
319,231,8342,2010-02-22 00:00:00,35,Balanced,,Little,40
320,231,8342,2011-02-22 00:00:00,67,Fast,,Little,47
321,231,8342,2012-02-22 00:00:00,64,Balanced,,Little,54
322,231,8342,2013-09-20 00:00:00,45,Balanced,,Little,48
323,231,8342,2014-09-19 00:00:00,42,Balanced,52.0,Normal,45
324,231,8342,2015-09-10 00:00:00,42,Balanced,52.0,Normal,45
325,1867,7869,2010-02-22 00:00:00,30,Slow,,Little,30
326,1867,7869,2011-02-22 00:00:00,39,Balanced,,Little,41
327,1867,7869,2012-02-22 00:00:00,40,Balanced,,Little,53
328,1867,7869,2013-09-20 00:00:00,40,Balanced,,Little,53
329,1867,7869,2014-09-19 00:00:00,40,Balanced,53.0,Normal,53
330,1867,7869,2015-09-10 00:00:00,53,Balanced,40.0,Normal,48
331,110747,2186,2010-02-22 00:00:00,30,Slow,,Little,45
332,110747,2186,2011-02-22 00:00:00,46,Balanced,,Little,51
333,110747,2186,2012-02-22 00:00:00,57,Balanced,,Little,59
334,110747,2186,2014-09-19 00:00:00,37,Balanced,50.0,Normal,38
335,110747,2186,2015-09-10 00:00:00,37,Balanced,50.0,Normal,38
336,1799,9826,2010-02-22 00:00:00,70,Fast,,Little,70
337,1799,9826,2011-02-22 00:00:00,53,Balanced,,Little,54
338,1799,9826,2012-02-22 00:00:00,43,Balanced,,Little,46
339,1799,9826,2013-09-20 00:00:00,52,Balanced,,Little,47
340,1799,9826,2014-09-19 00:00:00,61,Balanced,36.0,Normal,68
341,1799,9826,2015-09-10 00:00:00,61,Balanced,45.0,Normal,67
342,110502,8262,2015-09-10 00:00:00,59,Balanced,43.0,Normal,77
343,635,8526,2011-02-22 00:00:00,30,Slow,,Little,40
344,635,8526,2012-02-22 00:00:00,37,Balanced,,Little,41
345,242,9783,2010-02-22 00:00:00,30,Slow,,Little,30
346,242,9783,2011-02-22 00:00:00,56,Balanced,,Little,42
347,242,9783,2012-02-22 00:00:00,56,Balanced,,Little,46
348,242,9783,2013-09-20 00:00:00,56,Balanced,,Little,46
349,242,9783,2014-09-19 00:00:00,56,Balanced,55.0,Normal,46
350,242,9783,2015-09-10 00:00:00,53,Balanced,55.0,Normal,47
351,110569,9836,2010-02-22 00:00:00,55,Balanced,,Little,40
352,110569,9836,2011-02-22 00:00:00,65,Balanced,,Little,50
353,110569,9836,2012-02-22 00:00:00,51,Balanced,,Little,49
354,110569,9836,2013-09-20 00:00:00,51,Balanced,,Little,49
355,110569,9836,2014-09-19 00:00:00,51,Balanced,54.0,Normal,49
356,110569,9836,2015-09-10 00:00:00,51,Balanced,54.0,Normal,49
357,180,8284,2013-09-20 00:00:00,50,Balanced,,Little,49
358,180,8284,2015-09-10 00:00:00,47,Balanced,47.0,Normal,48
359,181,9938,2010-02-22 00:00:00,70,Fast,,Little,70
360,181,9938,2011-02-22 00:00:00,68,Fast,,Little,53
361,181,9938,2012-02-22 00:00:00,60,Balanced,,Little,60
362,181,9938,2013-09-20 00:00:00,53,Balanced,,Little,52
363,181,9938,2014-09-19 00:00:00,60,Balanced,51.0,Normal,60
364,181,9938,2015-09-10 00:00:00,60,Balanced,58.0,Normal,53
365,182,8457,2012-02-22 00:00:00,55,Balanced,,Little,60
366,467,8372,2014-09-19 00:00:00,62,Balanced,51.0,Normal,52
367,467,8372,2015-09-10 00:00:00,62,Balanced,51.0,Normal,52
368,110500,9776,2012-02-22 00:00:00,64,Balanced,,Little,54
369,110500,9776,2013-09-20 00:00:00,68,Fast,,Little,54
370,110500,9776,2014-09-19 00:00:00,61,Balanced,60.0,Normal,62
371,110500,9776,2015-09-10 00:00:00,66,Balanced,44.0,Normal,54
372,1824,9810,2010-02-22 00:00:00,60,Balanced,,Little,35
373,1824,9810,2011-02-22 00:00:00,52,Balanced,,Little,43
374,1824,9810,2012-02-22 00:00:00,38,Balanced,,Little,34
375,1824,9810,2013-09-20 00:00:00,41,Balanced,,Little,34
376,1824,9810,2014-09-19 00:00:00,63,Balanced,48.0,Normal,42
377,1824,9810,2015-09-10 00:00:00,51,Balanced,41.0,Normal,38
378,468,10268,2010-02-22 00:00:00,30,Slow,,Little,30
379,468,10268,2011-02-22 00:00:00,43,Balanced,,Little,39
380,468,10268,2012-02-22 00:00:00,55,Balanced,,Little,73
381,468,10268,2013-09-20 00:00:00,55,Balanced,,Little,73
382,468,10268,2014-09-19 00:00:00,55,Balanced,47.0,Normal,69
383,468,10268,2015-09-10 00:00:00,51,Balanced,52.0,Normal,48
384,1746,8534,2010-02-22 00:00:00,30,Slow,,Little,30
385,1746,8534,2011-02-22 00:00:00,50,Balanced,,Little,35
386,1746,8534,2012-02-22 00:00:00,50,Balanced,,Little,50
387,1746,8534,2013-09-20 00:00:00,51,Balanced,,Little,54
388,1746,8534,2014-09-19 00:00:00,63,Balanced,43.0,Normal,39
389,1746,8534,2015-09-10 00:00:00,66,Balanced,43.0,Normal,36
390,162,8398,2010-02-22 00:00:00,45,Balanced,,Little,55
391,162,8398,2011-02-22 00:00:00,64,Balanced,,Little,55
392,162,8398,2012-02-22 00:00:00,50,Balanced,,Little,48
393,162,8398,2013-09-20 00:00:00,50,Balanced,,Little,48
394,162,8398,2014-09-19 00:00:00,39,Balanced,47.0,Normal,40
395,452,8558,2010-02-22 00:00:00,55,Balanced,,Little,40
396,452,8558,2011-02-22 00:00:00,68,Fast,,Little,55
397,452,8558,2012-02-22 00:00:00,46,Balanced,,Little,44
398,452,8558,2013-09-20 00:00:00,50,Balanced,,Little,44
399,452,8558,2014-09-19 00:00:00,50,Balanced,52.0,Normal,44
400,452,8558,2015-09-10 00:00:00,50,Balanced,52.0,Normal,44
401,10020,7842,2013-09-20 00:00:00,66,Balanced,,Little,52
402,10020,7842,2014-09-19 00:00:00,66,Balanced,56.0,Normal,52
403,10020,7842,2015-09-10 00:00:00,59,Balanced,56.0,Normal,52
404,2013,6351,2011-02-22 00:00:00,50,Balanced,,Little,55
405,7,8668,2010-02-22 00:00:00,60,Balanced,,Little,65
406,7,8668,2011-02-22 00:00:00,60,Balanced,,Little,50
407,7,8668,2012-02-22 00:00:00,56,Balanced,,Little,56
408,7,8668,2013-09-20 00:00:00,58,Balanced,,Little,62
409,7,8668,2014-09-19 00:00:00,61,Balanced,34.0,Normal,42
410,7,8668,2015-09-10 00:00:00,43,Balanced,45.0,Normal,40
411,111271,4087,2011-02-22 00:00:00,35,Balanced,,Little,65
412,111271,4087,2012-02-22 00:00:00,53,Balanced,,Little,44
413,111271,4087,2013-09-20 00:00:00,53,Balanced,,Little,44
414,111271,4087,2014-09-19 00:00:00,61,Balanced,51.0,Normal,44
415,111271,4087,2015-09-10 00:00:00,58,Balanced,35.0,Normal,56
416,1971,10218,2011-02-22 00:00:00,73,Fast,,Little,59
417,1971,10218,2012-02-22 00:00:00,47,Balanced,,Little,52
418,1971,10218,2015-09-10 00:00:00,53,Balanced,41.0,Normal,69
419,79,8596,2010-02-22 00:00:00,70,Fast,,Little,70
420,31,8722,2010-02-22 00:00:00,55,Balanced,,Little,65
421,31,8722,2011-02-22 00:00:00,58,Balanced,,Little,71
422,31,8722,2012-02-22 00:00:00,53,Balanced,,Little,53
423,31,8722,2013-09-20 00:00:00,60,Balanced,,Little,56
424,31,8722,2014-09-19 00:00:00,59,Balanced,53.0,Normal,57
425,31,8722,2015-09-10 00:00:00,59,Balanced,47.0,Normal,65
426,100626,6631,2015-09-10 00:00:00,39,Balanced,33.0,Little,62
427,1915,8674,2010-02-22 00:00:00,41,Balanced,,Little,32
428,1915,8674,2011-02-22 00:00:00,51,Balanced,,Little,39
429,1915,8674,2012-02-22 00:00:00,44,Balanced,,Little,41
430,1915,8674,2013-09-20 00:00:00,44,Balanced,,Little,44
431,1915,8674,2014-09-19 00:00:00,48,Balanced,42.0,Normal,38
432,1915,8674,2015-09-10 00:00:00,55,Balanced,32.0,Little,55
433,236,9773,2010-02-22 00:00:00,30,Slow,,Little,30
434,236,9773,2011-02-22 00:00:00,50,Balanced,,Little,50
435,236,9773,2012-02-22 00:00:00,52,Balanced,,Little,53
436,236,9773,2013-09-20 00:00:00,52,Balanced,,Little,53
437,236,9773,2014-09-19 00:00:00,52,Balanced,50.0,Normal,53
438,236,9773,2015-09-10 00:00:00,70,Fast,50.0,Normal,53
439,1903,9908,2010-02-22 00:00:00,45,Balanced,,Little,45
440,1903,9908,2011-02-22 00:00:00,66,Balanced,,Little,45
441,1903,9908,2012-02-22 00:00:00,47,Balanced,,Little,52
442,1903,9908,2013-09-20 00:00:00,47,Balanced,,Little,52
443,1903,9908,2014-09-19 00:00:00,50,Balanced,50.0,Normal,52
444,1903,9908,2015-09-10 00:00:00,50,Balanced,39.0,Normal,54
445,286,9824,2015-09-10 00:00:00,53,Balanced,32.0,Little,56
446,894,10243,2010-02-22 00:00:00,45,Balanced,,Little,60
447,894,10243,2011-02-22 00:00:00,48,Balanced,,Little,56
448,894,10243,2012-02-22 00:00:00,62,Balanced,,Little,46
449,894,10243,2013-09-20 00:00:00,62,Balanced,,Little,46
450,894,10243,2014-09-19 00:00:00,62,Balanced,49.0,Normal,46
451,894,10243,2015-09-10 00:00:00,62,Balanced,49.0,Normal,46
452,246,10235,2010-02-22 00:00:00,30,Slow,,Little,30
453,246,10235,2011-02-22 00:00:00,47,Balanced,,Little,53
454,246,10235,2012-02-22 00:00:00,38,Balanced,,Little,34
455,246,10235,2013-09-20 00:00:00,44,Balanced,,Little,44
456,246,10235,2014-09-19 00:00:00,54,Balanced,40.0,Normal,60
457,246,10235,2015-09-10 00:00:00,50,Balanced,33.0,Little,48
458,110374,8535,2010-02-22 00:00:00,67,Fast,,Little,30
459,110374,8535,2011-02-22 00:00:00,49,Balanced,,Little,50
460,110374,8535,2012-02-22 00:00:00,45,Balanced,,Little,50
461,110374,8535,2013-09-20 00:00:00,53,Balanced,,Little,51
462,110374,8535,2014-09-19 00:00:00,34,Balanced,54.0,Normal,33
463,110374,8535,2015-09-10 00:00:00,34,Balanced,54.0,Normal,33
464,110636,8194,2010-02-22 00:00:00,65,Balanced,,Little,35
465,110636,8194,2011-02-22 00:00:00,51,Balanced,,Little,38
466,110636,8194,2012-02-22 00:00:00,67,Fast,,Little,47
467,110636,8194,2013-09-20 00:00:00,41,Balanced,,Little,69
468,110636,8194,2014-09-19 00:00:00,72,Fast,69.0,Lots,57
469,110636,8194,2015-09-10 00:00:00,47,Balanced,62.0,Normal,47
470,25,8358,2010-02-22 00:00:00,50,Balanced,,Little,30
471,25,8358,2011-02-22 00:00:00,50,Balanced,,Little,47
472,25,8358,2012-02-22 00:00:00,52,Balanced,,Little,61
473,25,8358,2013-09-20 00:00:00,59,Balanced,,Little,38
474,25,8358,2014-09-19 00:00:00,39,Balanced,58.0,Normal,48
475,25,8358,2015-09-10 00:00:00,59,Balanced,54.0,Normal,38
476,111657,9891,2010-02-22 00:00:00,30,Slow,,Little,30
477,111657,9891,2011-02-22 00:00:00,70,Fast,,Little,48
478,111657,9891,2015-09-10 00:00:00,63,Balanced,48.0,Normal,46
479,144,9879,2010-02-22 00:00:00,60,Balanced,,Little,70
480,144,9879,2011-02-22 00:00:00,50,Balanced,,Little,55
481,144,9879,2012-02-22 00:00:00,48,Balanced,,Little,45
482,144,9879,2013-09-20 00:00:00,52,Balanced,,Little,49
483,144,9879,2014-09-19 00:00:00,52,Balanced,34.0,Normal,56
484,144,9879,2015-09-10 00:00:00,52,Balanced,34.0,Normal,48
485,673,9987,2010-02-22 00:00:00,45,Balanced,,Little,45
486,673,9987,2011-02-22 00:00:00,66,Balanced,,Little,52
487,673,9987,2012-02-22 00:00:00,53,Balanced,,Little,55
488,673,9987,2013-09-20 00:00:00,58,Balanced,,Little,38
489,673,9987,2014-09-19 00:00:00,58,Balanced,52.0,Normal,38
490,673,9987,2015-09-10 00:00:00,58,Balanced,52.0,Normal,38
491,110556,10233,2010-02-22 00:00:00,70,Fast,,Little,50
492,110556,10233,2011-02-22 00:00:00,65,Balanced,,Little,35
493,110556,10233,2012-02-22 00:00:00,50,Balanced,,Little,50
494,110556,10233,2013-09-20 00:00:00,64,Balanced,,Little,38
495,110556,10233,2014-09-19 00:00:00,64,Balanced,52.0,Normal,68
496,110556,10233,2015-09-10 00:00:00,64,Balanced,52.0,Normal,68
497,674,9991,2010-02-22 00:00:00,70,Fast,,Little,65
498,674,9991,2011-02-22 00:00:00,55,Balanced,,Little,55
499,674,9991,2012-02-22 00:00:00,50,Balanced,,Little,47
500,674,9991,2013-09-20 00:00:00,50,Balanced,,Little,37
501,674,9991,2014-09-19 00:00:00,50,Balanced,55.0,Normal,37
502,674,9991,2015-09-10 00:00:00,50,Balanced,55.0,Normal,37
503,1860,8305,2010-02-22 00:00:00,30,Slow,,Little,35
504,1860,8305,2011-02-22 00:00:00,54,Balanced,,Little,45
505,1860,8305,2012-02-22 00:00:00,25,Slow,,Little,40
506,1860,8305,2013-09-20 00:00:00,29,Slow,,Little,40
507,1860,8305,2014-09-19 00:00:00,35,Balanced,42.0,Normal,40
508,1860,8305,2015-09-10 00:00:00,34,Balanced,41.0,Normal,38
509,110316,6391,2013-09-20 00:00:00,61,Balanced,,Little,52
510,110316,6391,2015-09-10 00:00:00,48,Balanced,53.0,Normal,52
511,1888,9764,2012-02-22 00:00:00,46,Balanced,,Little,41
512,1888,9764,2013-09-20 00:00:00,46,Balanced,,Little,41
513,1888,9764,2014-09-19 00:00:00,65,Balanced,67.0,Lots,41
514,1888,9764,2015-09-10 00:00:00,68,Fast,67.0,Lots,41
515,110744,8569,2010-02-22 00:00:00,30,Slow,,Little,50
516,110744,8569,2011-02-22 00:00:00,47,Balanced,,Little,27
517,110744,8569,2012-02-22 00:00:00,52,Balanced,,Little,67
518,110744,8569,2013-09-20 00:00:00,52,Balanced,,Little,43
519,110744,8569,2015-09-10 00:00:00,52,Balanced,48.0,Normal,43
520,100632,6433,2014-09-19 00:00:00,55,Balanced,47.0,Normal,42
521,100632,6433,2015-09-10 00:00:00,58,Balanced,38.0,Normal,64
522,110565,8019,2015-09-10 00:00:00,41,Balanced,40.0,Normal,59
523,111429,8020,2010-02-22 00:00:00,30,Slow,,Little,50
524,111429,8020,2011-02-22 00:00:00,46,Balanced,,Little,38
525,110832,7878,2011-02-22 00:00:00,53,Balanced,,Little,52
526,110832,7878,2012-02-22 00:00:00,48,Balanced,,Little,37
527,110832,7878,2013-09-20 00:00:00,52,Balanced,,Little,37
528,110832,7878,2014-09-19 00:00:00,52,Balanced,62.0,Normal,37
529,110832,7878,2015-09-10 00:00:00,57,Balanced,50.0,Normal,59
530,322,9956,2010-02-22 00:00:00,30,Slow,,Little,50
531,322,9956,2011-02-22 00:00:00,67,Fast,,Little,53
532,322,9956,2012-02-22 00:00:00,50,Balanced,,Little,54
533,322,9956,2013-09-20 00:00:00,50,Balanced,,Little,54
534,322,9956,2014-09-19 00:00:00,50,Balanced,60.0,Normal,54
535,322,9956,2015-09-10 00:00:00,50,Balanced,60.0,Normal,54
536,1805,9855,2010-02-22 00:00:00,70,Fast,,Little,70
537,1805,9855,2011-02-22 00:00:00,50,Balanced,,Little,50
538,165,8357,2010-02-22 00:00:00,55,Balanced,,Little,45
539,165,8357,2011-02-22 00:00:00,59,Balanced,,Little,40
540,165,8357,2012-02-22 00:00:00,68,Fast,,Little,45
541,165,8357,2013-09-20 00:00:00,57,Balanced,,Little,53
542,165,8357,2014-09-19 00:00:00,66,Balanced,60.0,Normal,38
543,165,8357,2015-09-10 00:00:00,54,Balanced,60.0,Normal,53
544,62,9747,2010-02-22 00:00:00,35,Balanced,,Little,30
545,62,9747,2012-02-22 00:00:00,52,Balanced,,Little,48
546,62,9747,2013-09-20 00:00:00,52,Balanced,,Little,48
547,62,9747,2014-09-19 00:00:00,63,Balanced,58.0,Normal,48
548,62,9747,2015-09-10 00:00:00,63,Balanced,37.0,Normal,58
549,28,9790,2010-02-22 00:00:00,70,Fast,,Little,60
550,28,9790,2011-02-22 00:00:00,52,Balanced,,Little,29
551,28,9790,2012-02-22 00:00:00,46,Balanced,,Little,40
552,28,9790,2013-09-20 00:00:00,34,Balanced,,Little,38
553,28,9790,2014-09-19 00:00:00,45,Balanced,61.0,Normal,58
554,28,9790,2015-09-10 00:00:00,42,Balanced,56.0,Normal,52
555,184,8429,2010-02-22 00:00:00,70,Fast,,Little,70
556,184,8429,2011-02-22 00:00:00,66,Balanced,,Little,52
557,184,8429,2015-09-10 00:00:00,48,Balanced,48.0,Normal,47
558,485,9904,2010-02-22 00:00:00,55,Balanced,,Little,70
559,485,9904,2011-02-22 00:00:00,55,Balanced,,Little,56
560,485,9904,2012-02-22 00:00:00,65,Balanced,,Little,58
561,485,9904,2013-09-20 00:00:00,78,Fast,,Little,58
562,485,9904,2014-09-19 00:00:00,48,Balanced,55.0,Normal,38
563,485,9904,2015-09-10 00:00:00,48,Balanced,55.0,Normal,41
564,80,9860,2010-02-22 00:00:00,70,Fast,,Little,70
565,80,9860,2011-02-22 00:00:00,66,Balanced,,Little,53
566,80,9860,2012-02-22 00:00:00,55,Balanced,,Little,62
567,80,9860,2013-09-20 00:00:00,52,Balanced,,Little,53
568,80,9860,2014-09-19 00:00:00,55,Balanced,51.0,Normal,62
569,100634,9791,2010-02-22 00:00:00,30,Slow,,Little,45
570,100634,9791,2011-02-22 00:00:00,69,Fast,,Little,45
571,100634,9791,2012-02-22 00:00:00,43,Balanced,,Little,27
572,100634,9791,2013-09-20 00:00:00,39,Balanced,,Little,32
573,100634,9791,2014-09-19 00:00:00,46,Balanced,55.0,Normal,32
574,100634,9791,2015-09-10 00:00:00,50,Balanced,36.0,Normal,61
575,100879,10278,2010-02-22 00:00:00,40,Balanced,,Little,30
576,100879,10278,2011-02-22 00:00:00,54,Balanced,,Little,55
577,100879,10278,2012-02-22 00:00:00,53,Balanced,,Little,54
578,100879,10278,2013-09-20 00:00:00,53,Balanced,,Little,54
579,100879,10278,2014-09-19 00:00:00,53,Balanced,47.0,Normal,54
580,166,8177,2010-02-22 00:00:00,60,Balanced,,Little,50
581,166,8177,2011-02-22 00:00:00,59,Balanced,,Little,43
582,166,8177,2012-02-22 00:00:00,48,Balanced,,Little,45
583,166,8177,2013-09-20 00:00:00,40,Balanced,,Little,55
584,166,8177,2014-09-19 00:00:00,68,Fast,52.0,Normal,55
585,166,8177,2015-09-10 00:00:00,47,Balanced,44.0,Normal,55
586,81,10251,2010-02-22 00:00:00,70,Fast,,Little,70
587,81,10251,2011-02-22 00:00:00,48,Balanced,,Little,51
588,81,10251,2012-02-22 00:00:00,55,Balanced,,Little,44
589,81,10251,2013-09-20 00:00:00,60,Balanced,,Little,46
590,81,10251,2014-09-19 00:00:00,55,Balanced,49.0,Normal,44
591,10029,8226,2010-02-22 00:00:00,70,Fast,,Little,30
592,10029,8226,2011-02-22 00:00:00,75,Fast,,Little,35
593,10029,8226,2012-02-22 00:00:00,61,Balanced,,Little,53
594,10029,8226,2013-09-20 00:00:00,32,Slow,,Little,53
595,10029,8226,2014-09-19 00:00:00,68,Fast,49.0,Normal,63
596,10029,8226,2015-09-10 00:00:00,69,Fast,49.0,Normal,53
597,1952,8667,2010-02-22 00:00:00,65,Balanced,,Little,60
598,1952,8667,2011-02-22 00:00:00,49,Balanced,,Little,52
599,1952,8667,2012-02-22 00:00:00,61,Balanced,,Little,48
600,1952,8667,2013-09-20 00:00:00,63,Balanced,,Little,48
601,1952,8667,2014-09-19 00:00:00,56,Balanced,35.0,Normal,51
602,1952,8667,2015-09-10 00:00:00,56,Balanced,40.0,Normal,55
603,111239,8234,2011-02-22 00:00:00,47,Balanced,,Little,54
604,111239,8234,2012-02-22 00:00:00,55,Balanced,,Little,46
605,111239,8234,2013-09-20 00:00:00,55,Balanced,,Little,46
606,111239,8234,2014-09-19 00:00:00,54,Balanced,59.0,Normal,47
607,111239,8234,2015-09-10 00:00:00,55,Balanced,51.0,Normal,46
608,44,8636,2010-02-22 00:00:00,55,Balanced,,Little,55
609,44,8636,2011-02-22 00:00:00,55,Balanced,,Little,50
610,44,8636,2012-02-22 00:00:00,45,Balanced,,Little,50
611,44,8636,2013-09-20 00:00:00,67,Fast,,Little,67
612,44,8636,2014-09-19 00:00:00,67,Fast,48.0,Normal,67
613,44,8636,2015-09-10 00:00:00,58,Balanced,69.0,Lots,54
614,620,8066,2011-02-22 00:00:00,36,Balanced,,Little,67
615,620,8066,2012-02-22 00:00:00,61,Balanced,,Little,59
616,620,8066,2013-09-20 00:00:00,35,Balanced,,Little,54
617,620,8066,2014-09-19 00:00:00,61,Balanced,49.0,Normal,59
618,620,8066,2015-09-10 00:00:00,48,Balanced,47.0,Normal,32
619,110745,1957,2010-02-22 00:00:00,30,Slow,,Little,50
620,110745,1957,2011-02-22 00:00:00,33,Slow,,Little,52
621,110745,1957,2012-02-22 00:00:00,58,Balanced,,Little,69
622,110745,1957,2013-09-20 00:00:00,58,Balanced,,Little,69
623,110745,1957,2014-09-19 00:00:00,38,Balanced,54.0,Normal,38
624,110745,1957,2015-09-10 00:00:00,66,Balanced,54.0,Normal,38
625,45,9885,2010-02-22 00:00:00,45,Balanced,,Little,35
626,45,9885,2011-02-22 00:00:00,65,Balanced,,Little,50
627,45,9885,2012-02-22 00:00:00,50,Balanced,,Little,35
628,45,9885,2013-09-20 00:00:00,39,Balanced,,Little,33
629,45,9885,2014-09-19 00:00:00,26,Slow,47.0,Normal,24
630,45,9885,2015-09-10 00:00:00,50,Balanced,35.0,Normal,20
631,29,8350,2010-02-22 00:00:00,45,Balanced,,Little,55
632,29,8350,2011-02-22 00:00:00,48,Balanced,,Little,42
633,29,8350,2012-02-22 00:00:00,38,Balanced,,Little,54
634,29,8350,2013-09-20 00:00:00,61,Balanced,,Little,54
635,29,8350,2014-09-19 00:00:00,66,Balanced,48.0,Normal,53
636,29,8350,2015-09-10 00:00:00,49,Balanced,54.0,Normal,52
637,1832,8295,2010-02-22 00:00:00,70,Fast,,Little,35
638,1832,8295,2011-02-22 00:00:00,53,Balanced,,Little,55
639,1832,8295,2012-02-22 00:00:00,54,Balanced,,Little,47
640,1832,8295,2014-09-19 00:00:00,56,Balanced,55.0,Normal,53
641,1832,8295,2015-09-10 00:00:00,54,Balanced,52.0,Normal,47
642,82,8597,2010-02-22 00:00:00,70,Fast,,Little,70
643,82,8597,2011-02-22 00:00:00,36,Balanced,,Little,36
644,82,8597,2012-02-22 00:00:00,56,Balanced,,Little,61
645,82,8597,2013-09-20 00:00:00,53,Balanced,,Little,54
646,82,8597,2014-09-19 00:00:00,56,Balanced,50.0,Normal,61
647,82,8597,2015-09-10 00:00:00,50,Balanced,48.0,Normal,60
648,111083,8245,2010-02-22 00:00:00,30,Slow,,Little,45
649,111083,8245,2011-02-22 00:00:00,67,Fast,,Little,66
650,111083,8245,2012-02-22 00:00:00,75,Fast,,Little,62
651,111083,8245,2013-09-20 00:00:00,70,Fast,,Little,50
652,111083,8245,2014-09-19 00:00:00,73,Fast,69.0,Lots,50
653,111083,8245,2015-09-10 00:00:00,59,Balanced,69.0,Lots,50
654,100081,8571,2010-02-22 00:00:00,50,Balanced,,Little,60
655,100081,8571,2011-02-22 00:00:00,38,Balanced,,Little,65
656,100081,8571,2012-02-22 00:00:00,31,Slow,,Little,47
657,100081,8571,2013-09-20 00:00:00,42,Balanced,,Little,40
658,100081,8571,2014-09-19 00:00:00,42,Balanced,40.0,Normal,47
659,100081,8571,2015-09-10 00:00:00,42,Balanced,40.0,Normal,47
660,110724,8203,2010-02-22 00:00:00,65,Balanced,,Little,60
661,110724,8203,2011-02-22 00:00:00,67,Fast,,Little,57
662,110724,8203,2012-02-22 00:00:00,52,Balanced,,Little,54
663,110724,8203,2013-09-20 00:00:00,52,Balanced,,Little,33
664,110724,8203,2014-09-19 00:00:00,52,Balanced,42.0,Normal,40
665,110724,8203,2015-09-10 00:00:00,52,Balanced,42.0,Normal,40
666,472,8306,2010-02-22 00:00:00,30,Slow,,Little,30
667,472,8306,2011-02-22 00:00:00,54,Balanced,,Little,56
668,472,8306,2012-02-22 00:00:00,48,Balanced,,Little,44
669,472,8306,2013-09-20 00:00:00,48,Balanced,,Little,44
670,472,8306,2014-09-19 00:00:00,48,Balanced,55.0,Normal,44
671,472,8306,2015-09-10 00:00:00,48,Balanced,55.0,Normal,44
672,1862,7730,2010-02-22 00:00:00,30,Slow,,Little,60
673,1862,7730,2012-02-22 00:00:00,37,Balanced,,Little,49
674,1862,7730,2013-09-20 00:00:00,51,Balanced,,Little,49
675,1862,7730,2014-09-19 00:00:00,37,Balanced,55.0,Normal,49
676,46,8543,2010-02-22 00:00:00,60,Balanced,,Little,50
677,46,8543,2011-02-22 00:00:00,60,Balanced,,Little,35
678,46,8543,2012-02-22 00:00:00,45,Balanced,,Little,50
679,46,8543,2013-09-20 00:00:00,51,Balanced,,Little,54
680,46,8543,2014-09-19 00:00:00,49,Balanced,69.0,Lots,54
681,46,8543,2015-09-10 00:00:00,68,Fast,65.0,Normal,55
682,1738,9746,2010-02-22 00:00:00,55,Balanced,,Little,45
683,1738,9746,2011-02-22 00:00:00,50,Balanced,,Little,50
684,1738,9746,2012-02-22 00:00:00,46,Balanced,,Little,52
685,1738,9746,2013-09-20 00:00:00,46,Balanced,,Little,52
686,1738,9746,2014-09-19 00:00:00,46,Balanced,56.0,Normal,52
687,1738,9746,2015-09-10 00:00:00,46,Balanced,56.0,Normal,52
688,1739,8682,2010-02-22 00:00:00,70,Fast,,Little,45
689,1739,8682,2011-02-22 00:00:00,65,Balanced,,Little,50
690,1739,8682,2012-02-22 00:00:00,58,Balanced,,Little,47
691,1739,8682,2013-09-20 00:00:00,58,Balanced,,Little,47
692,347,9888,2010-02-22 00:00:00,40,Balanced,,Little,30
693,347,9888,2011-02-22 00:00:00,50,Balanced,,Little,50
694,347,9888,2012-02-22 00:00:00,45,Balanced,,Little,50
695,873,2182,2010-02-22 00:00:00,40,Balanced,,Little,35
696,873,2182,2011-02-22 00:00:00,64,Balanced,,Little,57
697,873,2182,2012-02-22 00:00:00,67,Fast,,Little,54
698,873,2182,2013-09-20 00:00:00,67,Fast,,Little,54
699,873,2182,2014-09-19 00:00:00,67,Fast,55.0,Normal,54
700,873,2182,2015-09-10 00:00:00,57,Balanced,50.0,Normal,40
701,111091,8030,2010-02-22 00:00:00,30,Slow,,Little,45
702,111091,8030,2011-02-22 00:00:00,63,Balanced,,Little,37
703,111091,8030,2012-02-22 00:00:00,44,Balanced,,Little,52
704,111091,8030,2013-09-20 00:00:00,44,Balanced,,Little,52
705,111091,8030,2014-09-19 00:00:00,62,Balanced,48.0,Normal,52
706,111091,8030,2015-09-10 00:00:00,62,Balanced,48.0,Normal,52
707,1871,8673,2010-02-22 00:00:00,30,Slow,,Little,35
708,1871,8673,2011-02-22 00:00:00,67,Fast,,Little,35
709,1871,8673,2012-02-22 00:00:00,69,Fast,,Little,55
710,1871,8673,2013-09-20 00:00:00,69,Fast,,Little,55
711,1871,8673,2014-09-19 00:00:00,54,Balanced,51.0,Normal,36
712,1871,8673,2015-09-10 00:00:00,54,Balanced,47.0,Normal,36
713,95,8197,2010-02-22 00:00:00,70,Fast,,Little,70
714,95,8197,2011-02-22 00:00:00,36,Balanced,,Little,52
715,95,8197,2012-02-22 00:00:00,45,Balanced,,Little,48
716,95,8197,2013-09-20 00:00:00,45,Balanced,,Little,48
717,95,8197,2014-09-19 00:00:00,63,Balanced,36.0,Normal,48
718,95,8197,2015-09-10 00:00:00,63,Balanced,41.0,Normal,60
719,10018,6421,2010-02-22 00:00:00,30,Slow,,Little,30
720,64,8588,2010-02-22 00:00:00,30,Slow,,Little,30
721,64,8588,2011-02-22 00:00:00,65,Balanced,,Little,50
722,64,8588,2012-02-22 00:00:00,64,Balanced,,Little,49
723,64,8588,2013-09-20 00:00:00,64,Balanced,,Little,49
724,64,8588,2014-09-19 00:00:00,64,Balanced,52.0,Normal,49
725,64,8588,2015-09-10 00:00:00,64,Balanced,44.0,Normal,50
726,1853,8581,2010-02-22 00:00:00,30,Slow,,Little,30
727,1853,8581,2011-02-22 00:00:00,68,Fast,,Little,56
728,1853,8581,2012-02-22 00:00:00,53,Balanced,,Little,63
729,1853,8581,2013-09-20 00:00:00,57,Balanced,,Little,63
730,1853,8581,2014-09-19 00:00:00,57,Balanced,51.0,Normal,63
731,1853,8581,2015-09-10 00:00:00,62,Balanced,36.0,Normal,65
732,239,9989,2011-02-22 00:00:00,48,Balanced,,Little,65
733,239,9989,2012-02-22 00:00:00,69,Fast,,Little,58
734,239,9989,2013-09-20 00:00:00,69,Fast,,Little,58
735,239,9989,2014-09-19 00:00:00,69,Fast,44.0,Normal,58
736,239,9989,2015-09-10 00:00:00,69,Fast,44.0,Normal,58
737,65,8639,2010-02-22 00:00:00,70,Fast,,Little,60
738,65,8639,2011-02-22 00:00:00,65,Balanced,,Little,65
739,65,8639,2012-02-22 00:00:00,34,Balanced,,Little,23
740,65,8639,2013-09-20 00:00:00,34,Balanced,,Little,42
741,65,8639,2014-09-19 00:00:00,45,Balanced,65.0,Normal,42
742,65,8639,2015-09-10 00:00:00,45,Balanced,36.0,Normal,43
743,9,8650,2010-02-22 00:00:00,50,Balanced,,Little,35
744,9,8650,2011-02-22 00:00:00,60,Balanced,,Little,50
745,9,8650,2012-02-22 00:00:00,60,Balanced,,Little,60
746,9,8650,2013-09-20 00:00:00,39,Balanced,,Little,44
747,9,8650,2014-09-19 00:00:00,71,Fast,48.0,Normal,32
748,9,8650,2015-09-10 00:00:00,66,Balanced,60.0,Normal,45
749,1844,8537,2010-02-22 00:00:00,30,Slow,,Little,30
750,1844,8537,2011-02-22 00:00:00,65,Balanced,,Little,50
751,1844,8537,2012-02-22 00:00:00,50,Balanced,,Little,50
752,1844,8537,2013-09-20 00:00:00,58,Balanced,,Little,55
753,1844,8537,2014-09-19 00:00:00,58,Balanced,58.0,Normal,67
754,1844,8537,2015-09-10 00:00:00,58,Balanced,58.0,Normal,67
755,301,8244,2011-02-22 00:00:00,63,Balanced,,Little,48
756,301,8244,2012-02-22 00:00:00,66,Balanced,,Little,72
757,301,8244,2013-09-20 00:00:00,66,Balanced,,Little,59
758,301,8244,2014-09-19 00:00:00,66,Balanced,52.0,Normal,72
759,2007,9994,2010-02-22 00:00:00,60,Balanced,,Little,60
760,2007,9994,2011-02-22 00:00:00,66,Balanced,,Little,53
761,2007,9994,2012-02-22 00:00:00,67,Fast,,Little,52
762,2007,9994,2013-09-20 00:00:00,67,Fast,,Little,52
763,2007,9994,2014-09-19 00:00:00,62,Balanced,45.0,Normal,52
764,2007,9994,2015-09-10 00:00:00,62,Balanced,45.0,Normal,52
765,217,8689,2010-02-22 00:00:00,45,Balanced,,Little,70
766,217,8689,2011-02-22 00:00:00,35,Balanced,,Little,35
767,217,8689,2012-02-22 00:00:00,60,Balanced,,Little,42
768,217,8689,2013-09-20 00:00:00,60,Balanced,,Little,42
769,217,8689,2014-09-19 00:00:00,60,Balanced,56.0,Normal,42
770,217,8689,2015-09-10 00:00:00,57,Balanced,42.0,Normal,50
771,897,10199,2010-02-22 00:00:00,45,Balanced,,Little,60
772,897,10199,2011-02-22 00:00:00,48,Balanced,,Little,57
773,897,10199,2012-02-22 00:00:00,46,Balanced,,Little,48
774,897,10199,2013-09-20 00:00:00,46,Balanced,,Little,48
775,897,10199,2014-09-19 00:00:00,63,Balanced,51.0,Normal,51
776,897,10199,2015-09-10 00:00:00,63,Balanced,51.0,Normal,51
777,66,9748,2010-02-22 00:00:00,60,Balanced,,Little,40
778,66,9748,2011-02-22 00:00:00,65,Balanced,,Little,50
779,66,9748,2012-02-22 00:00:00,49,Balanced,,Little,52
780,66,9748,2013-09-20 00:00:00,49,Balanced,,Little,52
781,66,9748,2014-09-19 00:00:00,49,Balanced,60.0,Normal,52
782,66,9748,2015-09-10 00:00:00,49,Balanced,60.0,Normal,52
783,169,9905,2010-02-22 00:00:00,45,Balanced,,Little,40
784,169,9905,2011-02-22 00:00:00,65,Balanced,,Little,50
785,169,9905,2012-02-22 00:00:00,68,Fast,,Little,57
786,169,9905,2013-09-20 00:00:00,66,Balanced,,Little,52
787,169,9905,2014-09-19 00:00:00,67,Fast,54.0,Normal,57
788,169,9905,2015-09-10 00:00:00,60,Balanced,43.0,Normal,53
789,573,9864,2010-02-22 00:00:00,60,Balanced,,Little,55
790,573,9864,2011-02-22 00:00:00,58,Balanced,,Little,54
791,573,9864,2012-02-22 00:00:00,41,Balanced,,Little,36
792,573,9864,2013-09-20 00:00:00,45,Balanced,,Little,36
793,573,9864,2014-09-19 00:00:00,45,Balanced,42.0,Normal,36
794,573,9864,2015-09-10 00:00:00,42,Balanced,51.0,Normal,36
795,453,8661,2010-02-22 00:00:00,40,Balanced,,Little,40
796,453,8661,2011-02-22 00:00:00,53,Balanced,,Little,52
797,453,8661,2012-02-22 00:00:00,58,Balanced,,Little,57
798,453,8661,2013-09-20 00:00:00,62,Balanced,,Little,57
799,453,8661,2014-09-19 00:00:00,62,Balanced,53.0,Normal,57
800,453,8661,2015-09-10 00:00:00,62,Balanced,53.0,Normal,57
801,10,8456,2010-02-22 00:00:00,70,Fast,,Little,60
802,10,8456,2011-02-22 00:00:00,70,Fast,,Little,60
803,10,8456,2012-02-22 00:00:00,45,Balanced,,Little,55
804,10,8456,2013-09-20 00:00:00,36,Balanced,,Little,34
805,10,8456,2014-09-19 00:00:00,59,Balanced,35.0,Normal,29
806,10,8456,2015-09-10 00:00:00,59,Balanced,35.0,Normal,29
807,11,10260,2010-02-22 00:00:00,70,Fast,,Little,45
808,11,10260,2011-02-22 00:00:00,65,Balanced,,Little,40
809,11,10260,2012-02-22 00:00:00,46,Balanced,,Little,54
810,11,10260,2013-09-20 00:00:00,46,Balanced,,Little,38
811,11,10260,2014-09-19 00:00:00,46,Balanced,34.0,Normal,54
812,11,10260,2015-09-10 00:00:00,38,Balanced,42.0,Normal,44
813,1893,10212,2010-02-22 00:00:00,30,Slow,,Little,30
814,1893,10212,2011-02-22 00:00:00,30,Slow,,Little,30
815,1893,10212,2012-02-22 00:00:00,38,Balanced,,Little,44
816,1893,10212,2013-09-20 00:00:00,38,Balanced,,Little,44
817,1893,10212,2014-09-19 00:00:00,67,Fast,49.0,Normal,66
818,1893,10212,2015-09-10 00:00:00,61,Balanced,49.0,Normal,66
819,219,8592,2010-02-22 00:00:00,55,Balanced,,Little,45
820,219,8592,2011-02-22 00:00:00,65,Balanced,,Little,35
821,219,8592,2012-02-22 00:00:00,48,Balanced,,Little,50
822,219,8592,2013-09-20 00:00:00,48,Balanced,,Little,50
823,219,8592,2014-09-19 00:00:00,51,Balanced,62.0,Normal,50
824,219,8592,2015-09-10 00:00:00,51,Balanced,77.0,Lots,41
825,68,8550,2010-02-22 00:00:00,50,Balanced,,Little,30
826,68,8550,2011-02-22 00:00:00,65,Balanced,,Little,65
827,68,8550,2012-02-22 00:00:00,50,Balanced,,Little,49
828,68,8550,2014-09-19 00:00:00,55,Balanced,42.0,Normal,49
829,68,8550,2015-09-10 00:00:00,55,Balanced,48.0,Normal,49
830,12,8549,2010-02-22 00:00:00,70,Fast,,Little,70
831,12,8549,2011-02-22 00:00:00,66,Balanced,,Little,51
832,12,8549,2012-02-22 00:00:00,60,Balanced,,Little,72
833,12,8549,2013-09-20 00:00:00,60,Balanced,,Little,40
834,12,8549,2014-09-19 00:00:00,60,Balanced,28.0,Little,56
835,12,8549,2015-09-10 00:00:00,60,Balanced,32.0,Little,46
836,69,9829,2010-02-22 00:00:00,35,Balanced,,Little,55
837,69,9829,2011-02-22 00:00:00,65,Balanced,,Little,50
838,69,9829,2012-02-22 00:00:00,52,Balanced,,Little,48
839,69,9829,2013-09-20 00:00:00,52,Balanced,,Little,48
840,69,9829,2014-09-19 00:00:00,52,Balanced,68.0,Lots,48
841,69,9829,2015-09-10 00:00:00,52,Balanced,42.0,Normal,43
842,1747,9998,2012-02-22 00:00:00,50,Balanced,,Little,50
843,1747,9998,2013-09-20 00:00:00,50,Balanced,,Little,50
844,1747,9998,2014-09-19 00:00:00,55,Balanced,50.0,Normal,55
845,70,10249,2010-02-22 00:00:00,35,Balanced,,Little,35
846,70,10249,2011-02-22 00:00:00,50,Balanced,,Little,50
847,70,10249,2012-02-22 00:00:00,52,Balanced,,Little,47
848,70,10249,2013-09-20 00:00:00,52,Balanced,,Little,47
849,70,10249,2014-09-19 00:00:00,52,Balanced,58.0,Normal,47
850,70,10249,2015-09-10 00:00:00,54,Balanced,43.0,Normal,65
851,1900,8348,2013-09-20 00:00:00,38,Balanced,,Little,43
852,1900,8348,2015-09-10 00:00:00,38,Balanced,58.0,Normal,43
853,83,9927,2010-02-22 00:00:00,70,Fast,,Little,70
854,83,9927,2011-02-22 00:00:00,48,Balanced,,Little,49
855,83,9927,2012-02-22 00:00:00,70,Fast,,Little,55
856,83,9927,2013-09-20 00:00:00,67,Fast,,Little,54
857,83,9927,2014-09-19 00:00:00,70,Fast,47.0,Normal,55
858,83,9927,2015-09-10 00:00:00,64,Balanced,46.0,Normal,55
859,111560,274581,2015-09-10 00:00:00,50,Balanced,50.0,Normal,50
860,111560,9996,2015-09-10 00:00:00,50,Balanced,50.0,Normal,50
861,111560,9996,2015-09-10 00:00:00,50,Balanced,50.0,Normal,50
862,1904,9761,2010-02-22 00:00:00,30,Slow,,Little,35
863,1904,9761,2011-02-22 00:00:00,33,Slow,,Little,44
864,1904,9761,2012-02-22 00:00:00,40,Balanced,,Little,48
865,1904,9761,2013-09-20 00:00:00,58,Balanced,,Little,53
866,1904,9761,2014-09-19 00:00:00,46,Balanced,44.0,Normal,54
867,1904,9761,2015-09-10 00:00:00,45,Balanced,49.0,Normal,59
868,1891,10214,2010-02-22 00:00:00,45,Balanced,,Little,30
869,1891,10214,2011-02-22 00:00:00,47,Balanced,,Little,30
870,1891,10214,2012-02-22 00:00:00,41,Balanced,,Little,43
871,1891,10214,2013-09-20 00:00:00,41,Balanced,,Little,43
872,1891,10214,2014-09-19 00:00:00,41,Balanced,59.0,Normal,43
873,1891,10214,2015-09-10 00:00:00,65,Balanced,59.0,Normal,43
874,1823,8481,2010-02-22 00:00:00,65,Balanced,,Little,40
875,1823,8481,2011-02-22 00:00:00,35,Balanced,,Little,35
876,1823,8481,2012-02-22 00:00:00,49,Balanced,,Little,49
877,1823,8481,2013-09-20 00:00:00,49,Balanced,,Little,49
878,1823,8481,2014-09-19 00:00:00,49,Balanced,48.0,Normal,49
879,1823,8481,2015-09-10 00:00:00,49,Balanced,48.0,Normal,49
880,71,9830,2010-02-22 00:00:00,55,Balanced,,Little,35
881,71,9830,2011-02-22 00:00:00,50,Balanced,,Little,50
882,71,9830,2012-02-22 00:00:00,46,Balanced,,Little,51
883,71,9830,2013-09-20 00:00:00,46,Balanced,,Little,51
884,71,9830,2014-09-19 00:00:00,63,Balanced,53.0,Normal,48
885,71,9830,2015-09-10 00:00:00,63,Balanced,70.0,Lots,56
886,100737,9809,2010-02-22 00:00:00,30,Slow,,Little,30
887,100737,9809,2011-02-22 00:00:00,50,Balanced,,Little,65
888,1910,8464,2010-02-22 00:00:00,32,Slow,,Little,30
889,1910,8464,2011-02-22 00:00:00,47,Balanced,,Little,46
890,1910,8464,2012-02-22 00:00:00,46,Balanced,,Little,38
891,1910,8464,2013-09-20 00:00:00,46,Balanced,,Little,41
892,1910,8464,2014-09-19 00:00:00,49,Balanced,42.0,Normal,59
893,13,10261,2010-02-22 00:00:00,70,Fast,,Little,60
894,13,10261,2011-02-22 00:00:00,55,Balanced,,Little,50
895,13,10261,2012-02-22 00:00:00,54,Balanced,,Little,54
896,13,10261,2013-09-20 00:00:00,58,Balanced,,Little,72
897,13,10261,2014-09-19 00:00:00,54,Balanced,33.0,Little,47
898,13,10261,2015-09-10 00:00:00,58,Balanced,45.0,Normal,49
899,72,9831,2010-02-22 00:00:00,70,Fast,,Little,70
900,72,9831,2011-02-22 00:00:00,50,Balanced,,Little,50
901,72,9831,2012-02-22 00:00:00,48,Balanced,,Little,66
902,72,9831,2013-09-20 00:00:00,48,Balanced,,Little,66
903,72,9831,2014-09-19 00:00:00,48,Balanced,61.0,Normal,66
904,72,9831,2015-09-10 00:00:00,48,Balanced,55.0,Normal,53
905,1792,9850,2010-02-22 00:00:00,65,Balanced,,Little,70
906,1792,9850,2011-02-22 00:00:00,49,Balanced,,Little,52
907,1792,9850,2012-02-22 00:00:00,63,Balanced,,Little,61
908,1792,9850,2013-09-20 00:00:00,70,Fast,,Little,70
909,1792,9850,2014-09-19 00:00:00,45,Balanced,28.0,Little,64
910,1792,9850,2015-09-10 00:00:00,45,Balanced,38.0,Normal,55
911,112225,6269,2011-02-22 00:00:00,53,Balanced,,Little,35
912,112225,6269,2012-02-22 00:00:00,55,Balanced,,Little,50
913,112225,6269,2013-09-20 00:00:00,66,Balanced,,Little,62
914,112225,6269,2014-09-19 00:00:00,66,Balanced,57.0,Normal,56
915,171,8165,2010-02-22 00:00:00,45,Balanced,,Little,50
916,171,8165,2011-02-22 00:00:00,45,Balanced,,Little,50
917,171,8165,2012-02-22 00:00:00,44,Balanced,,Little,49
918,171,8165,2013-09-20 00:00:00,46,Balanced,,Little,49
919,171,8165,2014-09-19 00:00:00,46,Balanced,62.0,Normal,38
920,171,8165,2015-09-10 00:00:00,46,Balanced,58.0,Normal,49
921,477,8388,2010-02-22 00:00:00,55,Balanced,,Little,40
922,477,8388,2011-02-22 00:00:00,71,Fast,,Little,53
923,477,8388,2012-02-22 00:00:00,44,Balanced,,Little,45
924,477,8388,2013-09-20 00:00:00,44,Balanced,,Little,45
925,477,8388,2014-09-19 00:00:00,44,Balanced,48.0,Normal,45
926,477,8388,2015-09-10 00:00:00,44,Balanced,48.0,Normal,45
927,1564,8242,2010-02-22 00:00:00,30,Slow,,Little,45
928,111540,2033,2010-02-22 00:00:00,45,Balanced,,Little,55
929,111540,2033,2011-02-22 00:00:00,65,Balanced,,Little,55
930,111540,2033,2012-02-22 00:00:00,45,Balanced,,Little,40
931,111540,2033,2013-09-20 00:00:00,45,Balanced,,Little,52
932,111540,2033,2014-09-19 00:00:00,45,Balanced,62.0,Normal,40
933,682,8573,2014-09-19 00:00:00,52,Balanced,49.0,Normal,54
934,682,8573,2015-09-10 00:00:00,52,Balanced,49.0,Normal,54
935,479,8371,2010-02-22 00:00:00,35,Balanced,,Little,35
936,479,8371,2011-02-22 00:00:00,55,Balanced,,Little,54
937,479,8371,2012-02-22 00:00:00,34,Balanced,,Little,52
938,479,8371,2013-09-20 00:00:00,38,Balanced,,Little,52
939,479,8371,2014-09-19 00:00:00,38,Balanced,53.0,Normal,52
940,479,8371,2015-09-10 00:00:00,38,Balanced,53.0,Normal,52
941,100087,1773,2012-02-22 00:00:00,52,Balanced,,Little,50
942,100087,1773,2013-09-20 00:00:00,52,Balanced,,Little,50
943,100087,1773,2014-09-19 00:00:00,52,Balanced,51.0,Normal,50
944,1892,6403,2010-02-22 00:00:00,30,Slow,,Little,30
945,1892,6403,2011-02-22 00:00:00,50,Balanced,,Little,50
946,1892,6403,2012-02-22 00:00:00,38,Balanced,,Little,39
947,1892,6403,2013-09-20 00:00:00,50,Balanced,,Little,39
948,1892,6403,2014-09-19 00:00:00,38,Balanced,40.0,Normal,39
949,1892,6403,2015-09-10 00:00:00,63,Balanced,40.0,Normal,39
950,10030,8460,2010-02-22 00:00:00,70,Fast,,Little,49
951,10030,8460,2011-02-22 00:00:00,52,Balanced,,Little,48
952,10030,8460,2012-02-22 00:00:00,67,Fast,,Little,59
953,10030,8460,2013-09-20 00:00:00,67,Fast,,Little,59
954,10030,8460,2014-09-19 00:00:00,73,Fast,46.0,Normal,55
955,10030,8460,2015-09-10 00:00:00,67,Fast,46.0,Normal,62
956,1843,8540,2010-02-22 00:00:00,63,Balanced,,Little,50
957,1843,8540,2011-02-22 00:00:00,65,Balanced,,Little,35
958,1843,8540,2012-02-22 00:00:00,60,Balanced,,Little,40
959,1843,8540,2013-09-20 00:00:00,66,Balanced,,Little,37
960,1843,8540,2014-09-19 00:00:00,66,Balanced,55.0,Normal,37
961,1843,8540,2015-09-10 00:00:00,66,Balanced,66.0,Normal,36
962,73,9847,2010-02-22 00:00:00,50,Balanced,,Little,65
963,73,9847,2011-02-22 00:00:00,35,Balanced,,Little,35
964,73,9847,2012-02-22 00:00:00,49,Balanced,,Little,41
965,73,9847,2013-09-20 00:00:00,49,Balanced,,Little,41
966,73,9847,2014-09-19 00:00:00,49,Balanced,70.0,Lots,55
967,73,9847,2015-09-10 00:00:00,49,Balanced,47.0,Normal,34
968,50,10167,2010-02-22 00:00:00,30,Slow,,Little,30
969,50,10167,2011-02-22 00:00:00,50,Balanced,,Little,30
970,50,10167,2012-02-22 00:00:00,45,Balanced,,Little,35
971,50,10167,2013-09-20 00:00:00,48,Balanced,,Little,33
972,50,10167,2014-09-19 00:00:00,48,Balanced,71.0,Lots,33
973,50,10167,2015-09-10 00:00:00,48,Balanced,66.0,Normal,33
974,1754,8426,2014-09-19 00:00:00,48,Balanced,50.0,Normal,37
975,1754,8426,2015-09-10 00:00:00,48,Balanced,48.0,Normal,47
976,1914,6413,2013-09-20 00:00:00,47,Balanced,,Little,49
977,1914,6413,2014-09-19 00:00:00,57,Balanced,41.0,Normal,39
978,1914,6413,2015-09-10 00:00:00,45,Balanced,35.0,Normal,56
979,100741,6547,2015-09-10 00:00:00,54,Balanced,54.0,Normal,39
980,200,9878,2011-02-22 00:00:00,50,Balanced,,Little,60
981,200,9878,2012-02-22 00:00:00,65,Balanced,,Little,65
982,200,9878,2013-09-20 00:00:00,55,Balanced,,Little,40
983,200,9878,2014-09-19 00:00:00,64,Balanced,52.0,Normal,36
984,200,9878,2015-09-10 00:00:00,64,Balanced,31.0,Little,53
985,111086,8028,2010-02-22 00:00:00,30,Slow,,Little,45
986,111086,8028,2013-09-20 00:00:00,30,Slow,,Little,46
987,111086,8028,2014-09-19 00:00:00,64,Balanced,52.0,Normal,67
988,111086,8028,2015-09-10 00:00:00,64,Balanced,52.0,Normal,67
989,111087,8033,2012-02-22 00:00:00,54,Balanced,,Little,51
990,111087,8033,2013-09-20 00:00:00,54,Balanced,,Little,51
991,111087,8033,2014-09-19 00:00:00,72,Fast,55.0,Normal,66
992,111087,8033,2015-09-10 00:00:00,68,Fast,55.0,Normal,66
993,110746,8023,2013-09-20 00:00:00,67,Fast,,Little,54
994,110746,8023,2014-09-19 00:00:00,50,Balanced,48.0,Normal,36
995,110746,8023,2015-09-10 00:00:00,50,Balanced,33.0,Little,36
996,111429,8031,2010-02-22 00:00:00,30,Slow,,Little,50
997,111429,8031,2011-02-22 00:00:00,46,Balanced,,Little,38
998,1570,2183,2010-02-22 00:00:00,30,Slow,,Little,40
999,1570,2183,2011-02-22 00:00:00,33,Slow,,Little,47
1000,1570,2183,2012-02-22 00:00:00,34,Balanced,,Little,45
1001,1570,2183,2013-09-20 00:00:00,34,Balanced,,Little,45
1002,1790,8462,2010-02-22 00:00:00,70,Fast,,Little,70
1003,1790,8462,2011-02-22 00:00:00,36,Balanced,,Little,48
1004,1790,8462,2012-02-22 00:00:00,64,Balanced,,Little,59
1005,1790,8462,2013-09-20 00:00:00,68,Fast,,Little,62
1006,1790,8462,2014-09-19 00:00:00,59,Balanced,32.0,Little,57
1007,1790,8462,2015-09-10 00:00:00,59,Balanced,32.0,Little,57
1008,247,8640,2010-02-22 00:00:00,30,Slow,,Little,30
1009,247,8640,2011-02-22 00:00:00,63,Balanced,,Little,30
1010,247,8640,2012-02-22 00:00:00,33,Slow,,Little,42
1011,247,8640,2013-09-20 00:00:00,54,Balanced,,Little,45
1012,247,8640,2014-09-19 00:00:00,67,Fast,35.0,Normal,40
1013,247,8640,2015-09-10 00:00:00,67,Fast,43.0,Normal,43
1014,15,10172,2010-02-22 00:00:00,70,Fast,,Little,70
1015,15,10172,2011-02-22 00:00:00,51,Balanced,,Little,49
1016,15,10172,2012-02-22 00:00:00,57,Balanced,,Little,58
1017,15,10172,2013-09-20 00:00:00,58,Balanced,,Little,54
1018,15,10172,2014-09-19 00:00:00,52,Balanced,36.0,Normal,53
1019,15,10172,2015-09-10 00:00:00,30,Slow,39.0,Normal,61
1020,456,8696,2010-02-22 00:00:00,45,Balanced,,Little,55
1021,456,8696,2011-02-22 00:00:00,53,Balanced,,Little,56
1022,456,8696,2012-02-22 00:00:00,43,Balanced,,Little,44
1023,456,8696,2013-09-20 00:00:00,47,Balanced,,Little,44
1024,456,8696,2015-09-10 00:00:00,48,Balanced,52.0,Normal,47
1025,86,8548,2010-02-22 00:00:00,65,Balanced,,Little,50
1026,86,8548,2011-02-22 00:00:00,51,Balanced,,Little,33
1027,86,8548,2012-02-22 00:00:00,45,Balanced,,Little,45
1028,86,8548,2013-09-20 00:00:00,55,Balanced,,Little,45
1029,86,8548,2014-09-19 00:00:00,45,Balanced,49.0,Normal,45
1030,86,8548,2015-09-10 00:00:00,45,Balanced,53.0,Normal,55
1031,480,8370,2010-02-22 00:00:00,40,Balanced,,Little,30
1032,480,8370,2011-02-22 00:00:00,53,Balanced,,Little,55
1033,480,8370,2012-02-22 00:00:00,41,Balanced,,Little,44
1034,480,8370,2013-09-20 00:00:00,45,Balanced,,Little,44
1035,480,8370,2014-09-19 00:00:00,45,Balanced,52.0,Normal,44
1036,480,8370,2015-09-10 00:00:00,29,Slow,52.0,Normal,44
1037,1793,9798,2010-02-22 00:00:00,70,Fast,,Little,70
1038,1793,9798,2011-02-22 00:00:00,49,Balanced,,Little,36
1039,1793,9798,2012-02-22 00:00:00,49,Balanced,,Little,49
1040,1793,9798,2013-09-20 00:00:00,49,Balanced,,Little,61
1041,1793,9798,2014-09-19 00:00:00,44,Balanced,26.0,Little,72
1042,1793,9798,2015-09-10 00:00:00,44,Balanced,36.0,Normal,64
1043,449,8603,2010-02-22 00:00:00,45,Balanced,,Little,45
1044,449,8603,2011-02-22 00:00:00,37,Balanced,,Little,51
1045,449,8603,2012-02-22 00:00:00,55,Balanced,,Little,37
1046,449,8603,2013-09-20 00:00:00,59,Balanced,,Little,37
1047,449,8603,2014-09-19 00:00:00,59,Balanced,49.0,Normal,37
1048,449,8603,2015-09-10 00:00:00,59,Balanced,49.0,Normal,37
1049,243,8633,2010-02-22 00:00:00,55,Balanced,,Little,30
1050,243,8633,2011-02-22 00:00:00,54,Balanced,,Little,39
1051,243,8633,2012-02-22 00:00:00,45,Balanced,,Little,35
1052,243,8633,2013-09-20 00:00:00,50,Balanced,,Little,41
1053,243,8633,2014-09-19 00:00:00,50,Balanced,54.0,Normal,41
1054,243,8633,2015-09-10 00:00:00,50,Balanced,57.0,Normal,46
1055,457,8560,2010-02-22 00:00:00,40,Balanced,,Little,30
1056,457,8560,2011-02-22 00:00:00,54,Balanced,,Little,43
1057,457,8560,2012-02-22 00:00:00,24,Slow,,Little,36
1058,457,8560,2013-09-20 00:00:00,28,Slow,,Little,36
1059,457,8560,2014-09-19 00:00:00,35,Balanced,52.0,Normal,36
1060,457,8560,2015-09-10 00:00:00,60,Balanced,52.0,Normal,50
1061,571,8479,2010-02-22 00:00:00,50,Balanced,,Little,40
1062,571,8479,2011-02-22 00:00:00,45,Balanced,,Little,58
1063,571,8479,2012-02-22 00:00:00,41,Balanced,,Little,54
1064,571,8479,2013-09-20 00:00:00,41,Balanced,,Little,54
1065,571,8479,2014-09-19 00:00:00,41,Balanced,53.0,Normal,54
1066,571,8479,2015-09-10 00:00:00,37,Balanced,38.0,Normal,43
1067,203,8690,2010-02-22 00:00:00,55,Balanced,,Little,30
1068,203,8690,2011-02-22 00:00:00,55,Balanced,,Little,30
1069,203,8690,2012-02-22 00:00:00,50,Balanced,,Little,50
1070,203,8690,2013-09-20 00:00:00,52,Balanced,,Little,56
1071,203,8690,2014-09-19 00:00:00,52,Balanced,55.0,Normal,56
1072,379,9837,2011-02-22 00:00:00,35,Balanced,,Little,50
1073,379,9837,2012-02-22 00:00:00,61,Balanced,,Little,48
1074,379,9837,2013-09-20 00:00:00,61,Balanced,,Little,48
1075,379,9837,2014-09-19 00:00:00,48,Balanced,58.0,Normal,48
1076,379,9837,2015-09-10 00:00:00,48,Balanced,37.0,Normal,49
1077,74,9851,2010-02-22 00:00:00,50,Balanced,,Little,45
1078,74,9851,2011-02-22 00:00:00,65,Balanced,,Little,35
1079,74,9851,2012-02-22 00:00:00,64,Balanced,,Little,41
1080,74,9851,2013-09-20 00:00:00,64,Balanced,,Little,41
1081,74,9851,2014-09-19 00:00:00,64,Balanced,62.0,Normal,41
1082,74,9851,2015-09-10 00:00:00,64,Balanced,62.0,Normal,41
1083,744,7841,2010-02-22 00:00:00,30,Slow,,Little,30
1084,744,7841,2011-02-22 00:00:00,50,Balanced,,Little,50
1085,744,7841,2012-02-22 00:00:00,36,Balanced,,Little,38
1086,744,7841,2013-09-20 00:00:00,36,Balanced,,Little,38
1087,744,7841,2014-09-19 00:00:00,66,Balanced,47.0,Normal,44
1088,744,7841,2015-09-10 00:00:00,66,Balanced,47.0,Normal,44
1089,1905,10219,2010-02-22 00:00:00,30,Slow,,Little,50
1090,1905,10219,2012-02-22 00:00:00,47,Balanced,,Little,48
1091,1905,10219,2013-09-20 00:00:00,47,Balanced,,Little,48
1092,1905,10219,2014-09-19 00:00:00,57,Balanced,30.0,Little,55
1093,1838,8551,2010-02-22 00:00:00,35,Balanced,,Little,30
1094,1838,8551,2011-02-22 00:00:00,50,Balanced,,Little,50
1095,1838,8551,2012-02-22 00:00:00,45,Balanced,,Little,50
1096,1838,8551,2013-09-20 00:00:00,47,Balanced,,Little,48
1097,1838,8551,2014-09-19 00:00:00,47,Balanced,49.0,Normal,48
1098,1902,9803,2010-02-22 00:00:00,30,Slow,,Little,35
1099,1902,9803,2011-02-22 00:00:00,65,Balanced,,Little,51
1100,1902,9803,2012-02-22 00:00:00,55,Balanced,,Little,52
1101,1902,9803,2013-09-20 00:00:00,42,Balanced,,Little,44
1102,1902,9803,2014-09-19 00:00:00,43,Balanced,46.0,Normal,44
1103,546,9999,2010-02-22 00:00:00,65,Balanced,,Little,60
1104,52,8686,2010-02-22 00:00:00,70,Fast,,Little,30
1105,52,8686,2011-02-22 00:00:00,64,Balanced,,Little,30
1106,52,8686,2012-02-22 00:00:00,60,Balanced,,Little,40
1107,52,8686,2013-09-20 00:00:00,53,Balanced,,Little,55
1108,52,8686,2014-09-19 00:00:00,67,Fast,48.0,Normal,38
1109,52,8686,2015-09-10 00:00:00,68,Fast,27.0,Little,47
1110,631,8649,2013-09-20 00:00:00,35,Balanced,,Little,62
1111,631,8649,2014-09-19 00:00:00,34,Balanced,50.0,Normal,34
1112,631,8649,2015-09-10 00:00:00,45,Balanced,48.0,Normal,60
1113,874,1601,2010-02-22 00:00:00,30,Slow,,Little,40
1114,874,1601,2011-02-22 00:00:00,48,Balanced,,Little,51
1115,874,1601,2012-02-22 00:00:00,53,Balanced,,Little,55
1116,874,1601,2013-09-20 00:00:00,53,Balanced,,Little,55
1117,874,1601,2014-09-19 00:00:00,53,Balanced,48.0,Normal,38
1118,874,1601,2015-09-10 00:00:00,47,Balanced,48.0,Normal,38
1119,1819,9853,2010-02-22 00:00:00,65,Balanced,,Little,65
1120,1819,9853,2011-02-22 00:00:00,65,Balanced,,Little,35
1121,1819,9853,2012-02-22 00:00:00,49,Balanced,,Little,52
1122,1819,9853,2013-09-20 00:00:00,49,Balanced,,Little,52
1123,1819,9853,2014-09-19 00:00:00,58,Balanced,55.0,Normal,52
1124,1819,9853,2015-09-10 00:00:00,58,Balanced,55.0,Normal,52
1125,1837,9882,2010-02-22 00:00:00,60,Balanced,,Little,30
1126,1837,9882,2011-02-22 00:00:00,50,Balanced,,Little,65
1127,1837,9882,2012-02-22 00:00:00,35,Balanced,,Little,35
1128,1837,9882,2013-09-20 00:00:00,36,Balanced,,Little,38
1129,1837,9882,2014-09-19 00:00:00,36,Balanced,56.0,Normal,38
1130,1837,9882,2015-09-10 00:00:00,36,Balanced,56.0,Normal,38
1131,111974,7943,2010-02-22 00:00:00,30,Slow,,Little,30
1132,111974,7943,2011-02-22 00:00:00,50,Balanced,,Little,50
1133,111974,7943,2012-02-22 00:00:00,50,Balanced,,Little,50
1134,111974,7943,2013-09-20 00:00:00,57,Balanced,,Little,60
1135,111974,7943,2014-09-19 00:00:00,57,Balanced,71.0,Lots,60
1136,111974,7943,2015-09-10 00:00:00,57,Balanced,65.0,Normal,60
1137,58,7794,2010-02-22 00:00:00,40,Balanced,,Little,45
1138,58,7794,2012-02-22 00:00:00,50,Balanced,,Little,50
1139,58,7794,2013-09-20 00:00:00,50,Balanced,,Little,50
1140,58,7794,2014-09-19 00:00:00,67,Fast,61.0,Normal,43
1141,58,7794,2015-09-10 00:00:00,61,Balanced,61.0,Normal,52
1142,1913,10228,2010-02-22 00:00:00,35,Balanced,,Little,30
1143,1913,10228,2011-02-22 00:00:00,49,Balanced,,Little,48
1144,1913,10228,2012-02-22 00:00:00,67,Fast,,Little,53
1145,1913,10228,2013-09-20 00:00:00,47,Balanced,,Little,37
1146,1913,10228,2014-09-19 00:00:00,53,Balanced,48.0,Normal,46
1147,1913,10228,2015-09-10 00:00:00,54,Balanced,40.0,Normal,56
1148,34,10189,2010-02-22 00:00:00,65,Balanced,,Little,55
1149,34,10189,2011-02-22 00:00:00,63,Balanced,,Little,57
1150,34,10189,2012-02-22 00:00:00,50,Balanced,,Little,36
1151,34,10189,2013-09-20 00:00:00,60,Balanced,,Little,47
1152,34,10189,2014-09-19 00:00:00,39,Balanced,54.0,Normal,45
1153,34,10189,2015-09-10 00:00:00,58,Balanced,43.0,Normal,42
1154,324,9777,2010-02-22 00:00:00,30,Slow,,Little,55
1155,324,9777,2012-02-22 00:00:00,48,Balanced,,Little,51
1156,324,9777,2013-09-20 00:00:00,48,Balanced,,Little,51
1157,481,8302,2010-02-22 00:00:00,30,Slow,,Little,30
1158,481,8302,2011-02-22 00:00:00,68,Fast,,Little,58
1159,481,8302,2012-02-22 00:00:00,61,Balanced,,Little,65
1160,481,8302,2013-09-20 00:00:00,65,Balanced,,Little,65
1161,481,8302,2014-09-19 00:00:00,65,Balanced,53.0,Normal,65
1162,481,8302,2015-09-10 00:00:00,53,Balanced,53.0,Normal,53
1163,110770,10179,2010-02-22 00:00:00,35,Balanced,,Little,60
1164,110770,10179,2011-02-22 00:00:00,47,Balanced,,Little,56
1165,110770,10179,2012-02-22 00:00:00,61,Balanced,,Little,37
1166,110770,10179,2013-09-20 00:00:00,61,Balanced,,Little,37
1167,110770,10179,2014-09-19 00:00:00,61,Balanced,57.0,Normal,37
1168,110770,10179,2015-09-10 00:00:00,61,Balanced,57.0,Normal,37
1169,111092,8025,2010-02-22 00:00:00,30,Slow,,Little,45
1170,111092,8025,2011-02-22 00:00:00,47,Balanced,,Little,55
1171,111092,8025,2012-02-22 00:00:00,65,Balanced,,Little,63
1172,111092,8025,2013-09-20 00:00:00,65,Balanced,,Little,50
1173,111092,8025,2014-09-19 00:00:00,47,Balanced,53.0,Normal,34
1174,111092,8025,2015-09-10 00:00:00,50,Balanced,55.0,Normal,35
1175,226,9874,2010-02-22 00:00:00,66,Balanced,,Little,70
1176,226,9874,2011-02-22 00:00:00,50,Balanced,,Little,50
1177,226,9874,2012-02-22 00:00:00,63,Balanced,,Little,39
1178,226,9874,2013-09-20 00:00:00,63,Balanced,,Little,39
1179,226,9874,2014-09-19 00:00:00,63,Balanced,62.0,Normal,39
1180,226,9874,2015-09-10 00:00:00,63,Balanced,62.0,Normal,39
1181,17,8466,2010-02-22 00:00:00,70,Fast,,Little,55
1182,17,8466,2011-02-22 00:00:00,52,Balanced,,Little,37
1183,17,8466,2012-02-22 00:00:00,47,Balanced,,Little,52
1184,17,8466,2013-09-20 00:00:00,47,Balanced,,Little,38
1185,17,8466,2014-09-19 00:00:00,47,Balanced,41.0,Normal,40
1186,17,8466,2015-09-10 00:00:00,52,Balanced,31.0,Little,46
1187,100646,8614,2010-02-22 00:00:00,35,Balanced,,Little,40
1188,670,9986,2010-02-22 00:00:00,40,Balanced,,Little,50
1189,670,9986,2011-02-22 00:00:00,47,Balanced,,Little,36
1190,670,9986,2013-09-20 00:00:00,60,Balanced,,Little,53
1191,670,9986,2014-09-19 00:00:00,60,Balanced,47.0,Normal,53
1192,670,9986,2015-09-10 00:00:00,60,Balanced,47.0,Normal,53
1193,237,9768,2010-02-22 00:00:00,30,Slow,,Little,30
1194,237,9768,2011-02-22 00:00:00,50,Balanced,,Little,35
1195,237,9768,2012-02-22 00:00:00,53,Balanced,,Little,56
1196,237,9768,2013-09-20 00:00:00,53,Balanced,,Little,56
1197,237,9768,2014-09-19 00:00:00,55,Balanced,65.0,Normal,56
1198,237,9768,2015-09-10 00:00:00,57,Balanced,65.0,Normal,56
1199,459,9869,2010-02-22 00:00:00,70,Fast,,Little,55
1200,459,9869,2011-02-22 00:00:00,68,Fast,,Little,53
1201,459,9869,2012-02-22 00:00:00,51,Balanced,,Little,43
1202,459,9869,2013-09-20 00:00:00,55,Balanced,,Little,43
1203,459,9869,2014-09-19 00:00:00,55,Balanced,48.0,Normal,43
1204,459,9869,2015-09-10 00:00:00,55,Balanced,48.0,Normal,50
1205,48,9875,2010-02-22 00:00:00,70,Fast,,Little,30
1206,48,9875,2011-02-22 00:00:00,50,Balanced,,Little,35
1207,48,9875,2012-02-22 00:00:00,60,Balanced,,Little,50
1208,48,9875,2013-09-20 00:00:00,68,Fast,,Little,52
1209,48,9875,2014-09-19 00:00:00,72,Fast,74.0,Lots,34
1210,48,9875,2015-09-10 00:00:00,53,Balanced,70.0,Lots,37
1211,898,10190,2010-02-22 00:00:00,35,Balanced,,Little,60
1212,898,10190,2011-02-22 00:00:00,47,Balanced,,Little,55
1213,898,10190,2013-09-20 00:00:00,52,Balanced,,Little,48
1214,898,10190,2014-09-19 00:00:00,52,Balanced,46.0,Normal,48
1215,898,10190,2015-09-10 00:00:00,52,Balanced,46.0,Normal,48
1216,100805,9800,2010-02-22 00:00:00,70,Fast,,Little,70
1217,100805,9800,2011-02-22 00:00:00,48,Balanced,,Little,48
1218,100805,9800,2012-02-22 00:00:00,60,Balanced,,Little,75
1219,100805,9800,2013-09-20 00:00:00,42,Balanced,,Little,43
1220,100805,9800,2014-09-19 00:00:00,58,Balanced,50.0,Normal,70
1221,100805,9800,2015-09-10 00:00:00,38,Balanced,53.0,Normal,33
1222,110329,8152,2010-02-22 00:00:00,60,Balanced,,Little,60
1223,110329,8152,2011-02-22 00:00:00,60,Balanced,,Little,42
1224,110329,8152,2012-02-22 00:00:00,53,Balanced,,Little,64
1225,110329,8152,2013-09-20 00:00:00,53,Balanced,,Little,56
1226,110329,8152,2014-09-19 00:00:00,53,Balanced,52.0,Normal,56
1227,110329,8152,2015-09-10 00:00:00,52,Balanced,52.0,Normal,56
1228,100804,8467,2010-02-22 00:00:00,70,Fast,,Little,50
1229,100804,8467,2011-02-22 00:00:00,67,Fast,,Little,48
1230,100804,8467,2012-02-22 00:00:00,57,Balanced,,Little,57
1231,100804,8467,2013-09-20 00:00:00,60,Balanced,,Little,58
1232,100804,8467,2014-09-19 00:00:00,56,Balanced,48.0,Normal,57
1233,100804,8467,2015-09-10 00:00:00,62,Balanced,52.0,Normal,48
1234,680,9997,2010-02-22 00:00:00,50,Balanced,,Little,50
1235,680,9997,2011-02-22 00:00:00,53,Balanced,,Little,53
1236,680,9997,2012-02-22 00:00:00,52,Balanced,,Little,55
1237,232,9985,2010-02-22 00:00:00,53,Balanced,,Little,40
1238,232,9985,2011-02-22 00:00:00,68,Fast,,Little,66
1239,232,9985,2012-02-22 00:00:00,75,Fast,,Little,70
1240,232,9985,2013-09-20 00:00:00,54,Balanced,,Little,62
1241,232,9985,2014-09-19 00:00:00,54,Balanced,45.0,Normal,62
1242,232,9985,2015-09-10 00:00:00,54,Balanced,45.0,Normal,62
1243,1806,10194,2010-02-22 00:00:00,65,Balanced,,Little,70
1244,1806,10194,2011-02-22 00:00:00,50,Balanced,,Little,80
1245,1806,10194,2012-02-22 00:00:00,75,Fast,,Little,75
1246,1806,10194,2013-09-20 00:00:00,75,Fast,,Little,73
1247,1806,10194,2014-09-19 00:00:00,48,Balanced,24.0,Little,55
1248,1806,10194,2015-09-10 00:00:00,48,Balanced,41.0,Normal,49
1249,106,8472,2010-02-22 00:00:00,60,Balanced,,Little,70
1250,106,8472,2011-02-22 00:00:00,55,Balanced,,Little,55
1251,106,8472,2012-02-22 00:00:00,67,Fast,,Little,62
1252,106,8472,2013-09-20 00:00:00,57,Balanced,,Little,66
1253,106,8472,2014-09-19 00:00:00,60,Balanced,33.0,Little,61
1254,106,8472,2015-09-10 00:00:00,43,Balanced,43.0,Normal,51
1255,1960,10003,2010-02-22 00:00:00,65,Balanced,,Little,70
1256,1960,10003,2011-02-22 00:00:00,66,Balanced,,Little,34
1257,1960,10003,2012-02-22 00:00:00,26,Slow,,Little,24
1258,1960,10003,2013-09-20 00:00:00,41,Balanced,,Little,39
1259,1960,10003,2014-09-19 00:00:00,63,Balanced,34.0,Normal,34
1260,1960,10003,2015-09-10 00:00:00,45,Balanced,44.0,Normal,42
1261,260,9867,2010-02-22 00:00:00,30,Slow,,Little,30
1262,260,9867,2011-02-22 00:00:00,56,Balanced,,Little,51
1263,260,9867,2014-09-19 00:00:00,56,Balanced,50.0,Normal,57
1264,260,9867,2015-09-10 00:00:00,56,Balanced,50.0,Normal,57
1265,1715,10191,2011-02-22 00:00:00,51,Balanced,,Little,39
1266,1715,10191,2012-02-22 00:00:00,58,Balanced,,Little,35
1267,1715,10191,2013-09-20 00:00:00,58,Balanced,,Little,35
1268,1715,10191,2014-09-19 00:00:00,58,Balanced,59.0,Normal,35
1269,1715,10191,2015-09-10 00:00:00,58,Balanced,59.0,Normal,35
1270,54,9804,2010-02-22 00:00:00,45,Balanced,,Little,35
1271,54,9804,2011-02-22 00:00:00,45,Balanced,,Little,35
1272,54,9804,2012-02-22 00:00:00,50,Balanced,,Little,50
1273,54,9804,2013-09-20 00:00:00,71,Fast,,Little,36
1274,54,9804,2014-09-19 00:00:00,76,Fast,69.0,Lots,64
1275,54,9804,2015-09-10 00:00:00,69,Fast,69.0,Lots,36
1276,18,8586,2010-02-22 00:00:00,70,Fast,,Little,50
1277,18,8586,2011-02-22 00:00:00,60,Balanced,,Little,55
1278,18,8586,2012-02-22 00:00:00,44,Balanced,,Little,47
1279,18,8586,2013-09-20 00:00:00,42,Balanced,,Little,46
1280,18,8586,2014-09-19 00:00:00,41,Balanced,35.0,Normal,38
1281,18,8586,2015-09-10 00:00:00,47,Balanced,46.0,Normal,40
1282,1809,9941,2010-02-22 00:00:00,35,Balanced,,Little,70
1283,1809,9941,2011-02-22 00:00:00,65,Balanced,,Little,50
1284,1809,9941,2012-02-22 00:00:00,49,Balanced,,Little,53
1285,1809,9941,2013-09-20 00:00:00,49,Balanced,,Little,53
1286,1809,9941,2014-09-19 00:00:00,49,Balanced,56.0,Normal,53
1287,1809,9941,2015-09-10 00:00:00,49,Balanced,56.0,Normal,53
1288,294,10242,2011-02-22 00:00:00,35,Balanced,,Little,50
1289,294,10242,2012-02-22 00:00:00,49,Balanced,,Little,51
1290,294,10242,2013-09-20 00:00:00,49,Balanced,,Little,51
1291,294,10242,2014-09-19 00:00:00,49,Balanced,48.0,Normal,51
1292,294,10242,2015-09-10 00:00:00,49,Balanced,48.0,Normal,51
1293,1908,8611,2010-02-22 00:00:00,30,Slow,,Little,30
1294,1908,8611,2011-02-22 00:00:00,55,Balanced,,Little,55
1295,1908,8611,2012-02-22 00:00:00,25,Slow,,Little,28
1296,1908,8611,2013-09-20 00:00:00,35,Balanced,,Little,38
1297,1908,8611,2014-09-19 00:00:00,38,Balanced,39.0,Normal,34
1298,1908,8611,2015-09-10 00:00:00,48,Balanced,40.0,Normal,43
1299,55,8600,2010-02-22 00:00:00,64,Balanced,,Little,35
1300,55,8600,2011-02-22 00:00:00,70,Fast,,Little,49
1301,55,8600,2012-02-22 00:00:00,75,Fast,,Little,45
1302,55,8600,2013-09-20 00:00:00,78,Fast,,Little,63
1303,55,8600,2014-09-19 00:00:00,71,Fast,71.0,Lots,63
1304,55,8600,2015-09-10 00:00:00,68,Fast,54.0,Normal,63
1305,1895,9771,2010-02-22 00:00:00,50,Balanced,,Little,50
1306,1895,9771,2011-02-22 00:00:00,50,Balanced,,Little,50
1307,1895,9771,2012-02-22 00:00:00,36,Balanced,,Little,36
1308,461,10267,2010-02-22 00:00:00,30,Slow,,Little,30
1309,461,10267,2011-02-22 00:00:00,41,Balanced,,Little,40
1310,461,10267,2012-02-22 00:00:00,20,Slow,,Little,35
1311,461,10267,2013-09-20 00:00:00,20,Slow,,Little,35
1312,461,10267,2014-09-19 00:00:00,30,Slow,45.0,Normal,35
1313,461,10267,2015-09-10 00:00:00,35,Balanced,46.0,Normal,35
1314,110456,9873,2010-02-22 00:00:00,60,Balanced,,Little,70
1315,110456,9873,2011-02-22 00:00:00,65,Balanced,,Little,50
1316,110456,9873,2012-02-22 00:00:00,49,Balanced,,Little,50
1317,110456,9873,2013-09-20 00:00:00,49,Balanced,,Little,50
1318,110456,9873,2014-09-19 00:00:00,49,Balanced,59.0,Normal,52
1319,110456,9873,2015-09-10 00:00:00,49,Balanced,59.0,Normal,52
1320,462,10281,2010-02-22 00:00:00,55,Balanced,,Little,40
1321,462,10281,2011-02-22 00:00:00,54,Balanced,,Little,55
1322,462,10281,2012-02-22 00:00:00,55,Balanced,,Little,54
1323,462,10281,2013-09-20 00:00:00,55,Balanced,,Little,54
1324,462,10281,2014-09-19 00:00:00,55,Balanced,44.0,Normal,54
1325,462,10281,2015-09-10 00:00:00,43,Balanced,40.0,Normal,65
1326,206,9876,2012-02-22 00:00:00,50,Balanced,,Little,50
1327,206,9876,2013-09-20 00:00:00,58,Balanced,,Little,63
1328,206,9876,2014-09-19 00:00:00,63,Balanced,46.0,Normal,48
1329,206,9876,2015-09-10 00:00:00,57,Balanced,29.0,Little,38
1330,36,10269,2010-02-22 00:00:00,70,Fast,,Little,30
1331,36,10269,2011-02-22 00:00:00,64,Balanced,,Little,48
1332,36,10269,2012-02-22 00:00:00,50,Balanced,,Little,42
1333,36,10269,2013-09-20 00:00:00,59,Balanced,,Little,41
1334,36,10269,2014-09-19 00:00:00,54,Balanced,61.0,Normal,53
1335,36,10269,2015-09-10 00:00:00,59,Balanced,55.0,Normal,41
1336,483,10205,2010-02-22 00:00:00,64,Balanced,,Little,30
1337,483,10205,2011-02-22 00:00:00,42,Balanced,,Little,41
1338,483,10205,2012-02-22 00:00:00,20,Slow,,Little,26
1339,483,10205,2013-09-20 00:00:00,24,Slow,,Little,26
1340,483,10205,2014-09-19 00:00:00,35,Balanced,42.0,Normal,35
1341,483,10205,2015-09-10 00:00:00,48,Balanced,42.0,Normal,36
1342,1909,8277,2010-02-22 00:00:00,35,Balanced,,Little,35
1343,1909,8277,2011-02-22 00:00:00,33,Slow,,Little,50
1344,1909,8277,2012-02-22 00:00:00,37,Balanced,,Little,30
1345,1909,8277,2013-09-20 00:00:00,37,Balanced,,Little,39
1346,1909,8277,2014-09-19 00:00:00,53,Balanced,55.0,Normal,32
1347,1909,8277,2015-09-10 00:00:00,57,Balanced,40.0,Normal,48
1348,1887,7844,2010-02-22 00:00:00,30,Slow,,Little,30
1349,1887,7844,2011-02-22 00:00:00,65,Balanced,,Little,47
1350,1887,7844,2012-02-22 00:00:00,40,Balanced,,Little,39
1351,1887,7844,2013-09-20 00:00:00,40,Balanced,,Little,39
1352,1887,7844,2014-09-19 00:00:00,40,Balanced,52.0,Normal,39
1353,1887,7844,2015-09-10 00:00:00,40,Balanced,52.0,Normal,39
1354,665,10238,2010-02-22 00:00:00,30,Slow,,Little,30
1355,665,10238,2011-02-22 00:00:00,50,Balanced,,Little,50
1356,665,10238,2012-02-22 00:00:00,56,Balanced,,Little,42
1357,665,10238,2013-09-20 00:00:00,56,Balanced,,Little,42
1358,665,10238,2014-09-19 00:00:00,56,Balanced,49.0,Normal,42
1359,665,10238,2015-09-10 00:00:00,58,Balanced,49.0,Normal,42
1360,100651,9839,2010-02-22 00:00:00,50,Balanced,,Little,50
1361,100651,9839,2011-02-22 00:00:00,50,Balanced,,Little,42
1362,100651,9839,2012-02-22 00:00:00,41,Balanced,,Little,52
1363,100651,9839,2013-09-20 00:00:00,41,Balanced,,Little,52
1364,110913,8475,2013-09-20 00:00:00,62,Balanced,,Little,53
1365,110913,8475,2014-09-19 00:00:00,38,Balanced,45.0,Normal,39
1366,110913,8475,2015-09-10 00:00:00,38,Balanced,45.0,Normal,49
1367,1795,9817,2010-02-22 00:00:00,70,Fast,,Little,70
1368,1795,9817,2011-02-22 00:00:00,64,Balanced,,Little,53
1369,1795,9817,2012-02-22 00:00:00,66,Balanced,,Little,66
1370,1795,9817,2013-09-20 00:00:00,67,Fast,,Little,45
1371,1795,9817,2014-09-19 00:00:00,61,Balanced,43.0,Normal,56
1372,1795,9817,2015-09-10 00:00:00,61,Balanced,32.0,Little,52
1373,38,8697,2010-02-22 00:00:00,70,Fast,,Little,40
1374,38,8697,2011-02-22 00:00:00,64,Balanced,,Little,40
1375,38,8697,2012-02-22 00:00:00,54,Balanced,,Little,40
1376,38,8697,2013-09-20 00:00:00,68,Fast,,Little,33
1377,38,8697,2014-09-19 00:00:00,40,Balanced,55.0,Normal,47
1378,38,8697,2015-09-10 00:00:00,56,Balanced,55.0,Normal,63
1379,109,8659,2010-02-22 00:00:00,65,Balanced,,Little,40
1380,109,8659,2011-02-22 00:00:00,60,Balanced,,Little,65
1381,109,8659,2012-02-22 00:00:00,48,Balanced,,Little,48
1382,109,8659,2013-09-20 00:00:00,55,Balanced,,Little,54
1383,109,8659,2014-09-19 00:00:00,55,Balanced,34.0,Normal,51
1384,109,8659,2015-09-10 00:00:00,62,Balanced,32.0,Little,51
1385,19,8654,2010-02-22 00:00:00,58,Balanced,,Little,30
1386,19,8654,2011-02-22 00:00:00,35,Balanced,,Little,35
1387,19,8654,2012-02-22 00:00:00,63,Balanced,,Little,64
1388,19,8654,2013-09-20 00:00:00,72,Fast,,Little,73
1389,19,8654,2014-09-19 00:00:00,72,Fast,39.0,Normal,73
1390,19,8654,2015-09-10 00:00:00,77,Fast,37.0,Normal,57
1391,681,10001,2010-02-22 00:00:00,45,Balanced,,Little,60
1392,681,10001,2011-02-22 00:00:00,34,Balanced,,Little,52
1393,681,10001,2012-02-22 00:00:00,52,Balanced,,Little,50
1394,681,10001,2015-09-10 00:00:00,52,Balanced,46.0,Normal,50
1395,301,8024,2011-02-22 00:00:00,63,Balanced,,Little,48
1396,301,8024,2012-02-22 00:00:00,66,Balanced,,Little,72
1397,301,8024,2013-09-20 00:00:00,66,Balanced,,Little,59
1398,301,8024,2014-09-19 00:00:00,66,Balanced,52.0,Normal,72
1399,1917,8528,2010-02-22 00:00:00,70,Fast,,Little,70
1400,1917,8528,2011-02-22 00:00:00,35,Balanced,,Little,50
1401,1917,8528,2012-02-22 00:00:00,38,Balanced,,Little,38
1402,1917,8528,2013-09-20 00:00:00,38,Balanced,,Little,39
1403,1917,8528,2014-09-19 00:00:00,51,Balanced,36.0,Normal,51
1404,1917,8528,2015-09-10 00:00:00,51,Balanced,37.0,Normal,56
1405,1907,8525,2010-02-22 00:00:00,35,Balanced,,Little,30
1406,1907,8525,2011-02-22 00:00:00,72,Fast,,Little,57
1407,1907,8525,2013-09-20 00:00:00,48,Balanced,,Little,55
1408,1907,8525,2015-09-10 00:00:00,51,Balanced,36.0,Normal,63
1409,1873,10265,2010-02-22 00:00:00,40,Balanced,,Little,35
1410,1873,10265,2011-02-22 00:00:00,67,Fast,,Little,48
1411,1873,10265,2012-02-22 00:00:00,25,Slow,,Little,25
1412,1873,10265,2013-09-20 00:00:00,30,Slow,,Little,30
1413,1873,10265,2014-09-19 00:00:00,47,Balanced,52.0,Normal,36
1414,1873,10265,2015-09-10 00:00:00,33,Slow,49.0,Normal,37
1415,175,8721,2010-02-22 00:00:00,65,Balanced,,Little,45
1416,175,8721,2011-02-22 00:00:00,65,Balanced,,Little,45
1417,175,8721,2012-02-22 00:00:00,54,Balanced,,Little,59
1418,175,8721,2013-09-20 00:00:00,58,Balanced,,Little,57
1419,175,8721,2014-09-19 00:00:00,58,Balanced,67.0,Lots,45
1420,175,8721,2015-09-10 00:00:00,68,Fast,45.0,Normal,57
1421,110,8602,2010-02-22 00:00:00,70,Fast,,Little,70
1422,110,8602,2011-02-22 00:00:00,55,Balanced,,Little,55
1423,110,8602,2012-02-22 00:00:00,67,Fast,,Little,68
1424,110,8602,2013-09-20 00:00:00,63,Balanced,,Little,61
1425,110,8602,2014-09-19 00:00:00,47,Balanced,28.0,Little,58
1426,110,8602,2015-09-10 00:00:00,46,Balanced,36.0,Normal,54
1427,435,7955,2010-02-22 00:00:00,60,Balanced,,Little,45
1428,435,7955,2011-02-22 00:00:00,54,Balanced,,Little,47
1429,435,7955,2012-02-22 00:00:00,49,Balanced,,Little,50
1430,1742,9868,2010-02-22 00:00:00,30,Slow,,Little,30
1431,1742,9868,2011-02-22 00:00:00,40,Balanced,,Little,58
1432,1742,9868,2012-02-22 00:00:00,60,Balanced,,Little,44
1433,1742,9868,2013-09-20 00:00:00,60,Balanced,,Little,44
1434,900,10192,2010-02-22 00:00:00,55,Balanced,,Little,55
1435,900,10192,2011-02-22 00:00:00,60,Balanced,,Little,57
1436,900,10192,2012-02-22 00:00:00,52,Balanced,,Little,69
1437,900,10192,2013-09-20 00:00:00,52,Balanced,,Little,69
1438,900,10192,2014-09-19 00:00:00,52,Balanced,56.0,Normal,64
1439,900,10192,2015-09-10 00:00:00,52,Balanced,56.0,Normal,64
1440,110749,8021,2010-02-22 00:00:00,55,Balanced,,Little,60
1441,110749,8021,2011-02-22 00:00:00,54,Balanced,,Little,37
1442,110749,8021,2012-02-22 00:00:00,33,Slow,,Little,38
1443,110749,8021,2013-09-20 00:00:00,33,Slow,,Little,38
1444,110749,8021,2014-09-19 00:00:00,33,Slow,49.0,Normal,51
1445,244,8394,2010-02-22 00:00:00,30,Slow,,Little,30
1446,244,8394,2011-02-22 00:00:00,43,Balanced,,Little,40
1447,244,8394,2012-02-22 00:00:00,34,Balanced,,Little,23
1448,244,8394,2013-09-20 00:00:00,38,Balanced,,Little,23
1449,244,8394,2014-09-19 00:00:00,38,Balanced,48.0,Normal,35
1450,244,8394,2015-09-10 00:00:00,52,Balanced,52.0,Normal,50
1451,112512,8027,2014-09-19 00:00:00,54,Balanced,51.0,Normal,40
1452,112512,8027,2015-09-10 00:00:00,54,Balanced,51.0,Normal,40
1453,15005,10000,2010-02-22 00:00:00,65,Balanced,,Little,60
1454,15005,10000,2011-02-22 00:00:00,52,Balanced,,Little,52
1455,15005,10000,2012-02-22 00:00:00,54,Balanced,,Little,51
1456,15005,10000,2013-09-20 00:00:00,54,Balanced,,Little,51
1457,15005,10000,2014-09-19 00:00:00,54,Balanced,42.0,Normal,51
1458,15005,10000,2015-09-10 00:00:00,54,Balanced,42.0,Normal,51
